Workbook

Sheet Dashboard
A1: India Startup & University Advisor Outreach Database – Madhiyazhagan
A2: Engineering universities • B-Schools • Accelerators/Incubators • State/UT startup missions | Verified/curated 26 Sep 2026
A4: Database KPI | B4: Value | D4: Outreach Readiness | E4: Value
A5: Total targets | B5: =COUNTA('Master Mail List'!A2:A131) -> 130 | D5: Priority A | E5: =COUNTIF('Master Mail List'!N2:N131,"A") -> 93
A6: States / UTs represented | B6: 31 | D6: Named contact + email | E6: =COUNTIF('Master Mail List'!R2:R131,"Named contact + email") -> 54
A7: Engineering / Technology | B7: =COUNTIF('Master Mail List'!D2:D131,"Engineering / Technology University") -> 49 | D7: Functional / office email | E7: =COUNTIF('Master Mail List'!R2:R131,"Functional / office email") -> 72
A8: B-Schools | B8: =COUNTIF('Master Mail List'!D2:D131,"B-School") -> 18 | D8: No public email verified | E8: =COUNTIF('Master Mail List'!R2:R131,"No public email verified") -> 4
A9: Accelerators / Incubators | B9: =COUNTIF('Master Mail List'!D2:D131,"Accelerator / Incubator") -> 33 | D9: Emails sent | E9: =COUNTIF('Master Mail List'!T2:T131,"Sent") -> 86
A10: Govt Startup Missions | B10: =COUNTIF('Master Mail List'!D2:D131,"State / UT Government Startup Mission") -> 30
A11: Rows with primary email | B11: 126
A14: Category | B14: Targets
A15: Engineering / Technology University | B15: =COUNTIF('Master Mail List'!D2:D131,A15) -> 49
A16: B-School | B16: =COUNTIF('Master Mail List'!D2:D131,A16) -> 18
A17: Accelerator / Incubator | B17: =COUNTIF('Master Mail List'!D2:D131,A17) -> 33
A18: State / UT Government Startup Mission | B18: =COUNTIF('Master Mail List'!D2:D131,A18) -> 30

Sheet Master Mail List
A1: ID | B1: State / UT | C1: City | D1: Category | E1: Institution / Organisation | F1: Incubator / Program / Unit | G1: Contact Name | H1: Contact Role | I1: Primary Email | J1: CC / Alternate Email | K1: Phone | L1: Contact / Profile URL | M1: Official Source URL | N1: Priority | O1: Why Madhi Fits | P1: Suggested Subject | Q1: Best Entry Route | R1: Contact Quality | S1: Verified On | T1: Email Status | U1: Last Contacted | V1: Notes
A2: 1 | B2: Andhra Pradesh | C2: Visakhapatnam | D2: B-School | E2: IIM Visakhapatnam | F2: FIELD – IIMV Foundation for Incubation Entrepreneurial Learning & Development | G2: FIELD Team | H2: Incubation team | I2: incubationcenter@iimv.ac.in | K2: +91 75693 09208 | L2: https://iimvfield.com/contact-us/ | M2: https://iimvfield.com/contact-us/ | N2: A | O2: Product strategy, enterprise GTM, founder mentoring, India–Europe market access. | P2: External Advisor / Mentor – AI, Product & India–Europe Market Access | FIELD | Q2: Email FIELD and request External Advisor / Mentor Panel consideration. | R2: Functional / office email | S2: 46291 | T2: Already contacted | V2: Already emailed in earlier batch (same address)
A3: 2 | B3: Andhra Pradesh | C3: Sri City | D3: Engineering / Technology University | E3: IIIT Sri City | F3: Gyan Circle Ventures | G3: Gyan Circle Ventures Team | H3: Incubation team | I3: gcv.manager@iiits.in | L3: https://msh.meity.gov.in/tide/incubatorslist | M3: https://msh.meity.gov.in/tide/incubatorslist | N3: A | O3: AI/cloud platforms, enterprise architecture, deep-tech commercialization, startup mentoring. | P3: External Advisor / Mentor – AI, Product & India–Europe Market Access | Gyan Circle Ventures | Q3: Email the incubation manager with a focused AI/platform + cross-border advisory proposition. | R3: Functional / office email | S3: 46291 | T3: Sent | U3: 46291
A4: 3 | B4: Andhra Pradesh | C4: Visakhapatnam | D4: State / UT Government Startup Mission | E4: Andhra Pradesh Innovation Society | F4: AP Innovation & Startup Mission | G4: AP Innovation Society Team | H4: State startup nodal agency | I4: innovationsociety@ap.gov.in | K4: +91 7396603335 | L4: https://www.startupindia.gov.in/content/sih/en/state-startup-policies/Andhra-Pradesh-state-policy.html | M4: https://www.startupindia.gov.in/content/sih/en/state-startup-policies/Andhra-Pradesh-state-policy.html | N4: A | O4: Mentor/advisor contribution to state startup programs, founder capacity building, AI adoption, international ecosystem connections. | P4: External Advisor / Mentor Support for AP Innovation & Startup Mission | Q4: Email the state startup / innovation team with a concise advisor profile and offer specific mentor contributions. | R4: Functional / office email | S4: 46291 | T4: Sent | U4: 46291 | V4: Government / state ecosystem target
A5: 4 | B5: Arunachal Pradesh | C5: Nirjuli | D5: Engineering / Technology University | E5: NERIST | F5: Incubation & Entrepreneurship Cell (IEC) | G5: Prof. Ningrinla Marchang | H5: Coordinator, Incubation & Entrepreneurship Cell | I5: nm@nerist.ac.in | L5: https://nerist.ac.in/facilities/sric/incubation-entrepreneurship/ | M5: https://nerist.ac.in/facilities/sric/incubation-entrepreneurship/ | N5: B | O5: Entrepreneurship education, venture review, AI/product workshops, founder mentoring. | P5: External Advisor / Mentor – AI, Product & India–Europe Market Access | Incubation & Entrepreneurship Cell (IEC) | Q5: Write directly to the Coordinator requesting empanelment as an external advisor/mentor. | R5: Named contact + email | S5: 46291 | T5: Sent | U5: 46291
A6: 5 | B6: Arunachal Pradesh | C6: Itanagar | D6: State / UT Government Startup Mission | E6: Arunachal Pradesh Innovation and Investment Park (APIIP) | F6: State Startup Mission | G6: APIIP Startup Team | H6: State startup nodal agency | I6: arunachal.startups@gmail.com | K6: +91 94352 78774 | L6: https://www.startupindia.gov.in/content/sih/en/state-startup-policies/Arunachal-Pradesh-state-policy.html | M6: https://www.startupindia.gov.in/content/sih/en/state-startup-policies/Arunachal-Pradesh-state-policy.html | N6: B | O6: Mentor/advisor contribution to state startup programs, founder capacity building, AI adoption, international ecosystem connections. | P6: External Advisor / Mentor Support for State Startup Mission | Q6: Email the state startup / innovation team with a concise advisor profile and offer specific mentor contributions. | R6: Functional / office email | S6: 46291 | T6: Sent | U6: 46291 | V6: Government / state ecosystem target
A7: 6 | B7: Assam | C7: Tezpur | D7: Accelerator / Incubator | E7: Tezpur University | F7: Centre for Innovation Incubation and Entrepreneurship (CIIE) | G7: Dr. M. K. Hazarika | H7: Head, CIIE | I7: headciie@tezu.ernet.in | J7: mkhazarika@tezu.ernet.in | L7: https://www.tezu.ac.in/contact/edc.html | M7: https://www.tezu.ac.in/contact/edc.html | N7: B | O7: AI/data, digital platforms, commercialization, entrepreneurship education, market linkage. | P7: External Advisor / Mentor – AI, Product & India–Europe Market Access | Centre for Innovation Incubation and Entrepreneurship (CIIE) | Q7: Write to the Head with a one-page advisor profile and proposed quarterly mentoring format. | R7: Named contact + email | S7: 46291 | T7: Sent | U7: 46291
A8: 7 | B8: Assam | C8: Guwahati | D8: Engineering / Technology University | E8: IIT Guwahati | F8: Technology Incubation Centre (TIC) | G8: TIC Team | H8: Incubation office | I8: tic@iitg.ac.in | K8: +91 361 2583194 / 2583191 | L8: https://iitgtic.com/index_contacts | M8: https://iitgtic.com/index_contacts | N8: A | O8: AI/cloud/platform architecture, product scaling, enterprise adoption, founder mentoring. | P8: External Advisor / Mentor – AI, Product & India–Europe Market Access | Technology Incubation Centre (TIC) | Q8: Email TIC with an advisor profile and areas: AI, cloud, enterprise SaaS, Europe market access. | R8: Functional / office email | S8: 46291 | T8: Already contacted | V8: Already emailed in earlier batch (same address)
A9: 8 | B9: Assam | C9: Guwahati | D9: State / UT Government Startup Mission | E9: Startup Assam | F9: The Nest / State Startup Mission | G9: Startup Assam Team | H9: State startup mission | I9: startupassam2018@gmail.com | J9: coo.assamstartup@iimcip.org | K9: 1800 345 3957 | L9: https://www.startupindia.gov.in/content/sih/en/state-startup-policies/Assam-state-policy.html | M9: https://www.startupindia.gov.in/content/sih/en/state-startup-policies/Assam-state-policy.html | N9: A | O9: Mentor/advisor contribution to state startup programs, founder capacity building, AI adoption, international ecosystem connections. | P9: External Advisor / Mentor Support for The Nest / State Startup Mission | Q9: Email the state startup / innovation team with a concise advisor profile and offer specific mentor contributions. | R9: Functional / office email | S9: 46291 | T9: Sent | U9: 46291 | V9: Government / state ecosystem target
A10: 9 | B10: Bihar | C10: Patna | D10: Accelerator / Incubator | E10: B-HUB | F10: CIMP Business Incubation & Innovation Foundation Hub | G10: B-HUB Team | H10: Incubation / co-learning hub | I10: enquiry@bhub.org.in | K10: +91 9128712345 | L10: https://www.bhub.org.in/contact-us/ | M10: https://www.bhub.org.in/contact-us/ | N10: A | O10: Startup mentoring, product/GTM, AI adoption, enterprise connects, international ecosystem access. | P10: External Advisor / Mentor – AI, Product & India–Europe Startup Ecosystem | CIMP Business Incubation & Innovation Foundation Hub | Q10: Write directly to the named contact or functional incubation inbox; offer specific advisor/mentor contribution rather than asking for a job. | R10: Functional / office email | S10: 46291 | T10: Sent | U10: 46291 | V10: Additional high-value target
A11: 10 | B11: Bihar | C11: Patna | D11: Engineering / Technology University | E11: IIT Patna | F11: Incubation Centre IIT Patna | G11: Mr. Gopi Krishna Sakhinala | H11: Incubation contact | I11: iciitp@iitp.ac.in | K11: +91 79709 72747 | L11: https://iciitp.com/index.php/contact/ | M11: https://iciitp.com/index.php/contact/ | N11: A | O11: AI/cloud, platform engineering, enterprise transformation, commercialization, mentoring. | P11: External Advisor / Mentor – AI, Product & India–Europe Market Access | Incubation Centre IIT Patna | Q11: Email the centre and reference interest in external advisor / startup review panel roles. | R11: Named contact + email | S11: 46291 | T11: Already contacted | V11: Already emailed in earlier batch (same address)
A12: 11 | B12: Bihar | C12: Patna | D12: Engineering / Technology University | E12: NIT Patna | F12: Incubation Center NIT Patna | G12: Incubation Center Team | H12: Incubation office | I12: Incubation@nitp.ac.in | L12: https://incubationcenter.nitp.ac.in/ | M12: https://incubationcenter.nitp.ac.in/ | N12: B | O12: AI/product mentoring, enterprise software, startup readiness, student entrepreneurship. | P12: External Advisor / Mentor – AI, Product & India–Europe Market Access | Incubation Center NIT Patna | Q12: Request an external mentor/advisor association and offer AI/product/GTM sessions for incubatees. | R12: Functional / office email | S12: 46291 | T12: Sent | U12: 46291
A13: 12 | B13: Bihar | C13: Patna | D13: State / UT Government Startup Mission | E13: Startup Bihar – Department of Industries | F13: State Startup Mission | G13: Alok Ranjan Ghosh | H13: Director Industries | I13: startup-bihar@gov.in | J13: dir.ind-bih@nic.in | K13: 1800 345 6214 | L13: https://startup.bihar.gov.in/ | M13: https://startup.bihar.gov.in/ | N13: A | O13: Mentor/advisor contribution to state startup programs, founder capacity building, AI adoption, international ecosystem connections. | P13: External Advisor / Mentor Support for State Startup Mission | Q13: Email the state startup / innovation team with a concise advisor profile and offer specific mentor contributions. | R13: Named contact + email | S13: 46291 | T13: Sent | U13: 46291 | V13: Government / state ecosystem target
A14: 13 | B14: Chhattisgarh | C14: Naya Raipur | D14: Engineering / Technology University | E14: IIIT Naya Raipur | F14: Foundation for Technology & Business Incubation / Entrepreneurship | G14: Dr. Amit Agarwal | H14: Incubation contact | I14: amitag@iiitnr.edu.in | K14: +91 89541 67407 | L14: https://www.invest.cg.gov.in/startup | M14: https://www.invest.cg.gov.in/startup | N14: B | O14: AI/cloud architecture, enterprise platforms, tech commercialization, startup coaching. | P14: External Advisor / Mentor – AI, Product & India–Europe Market Access | Foundation for Technology & Business Incubation / Entrepreneurship | Q14: Write to Dr. Agarwal requesting consideration for external advisor/mentor pool. | R14: Named contact + email | S14: 46291 | T14: Sent | U14: 46291
A15: 14 | B15: Chhattisgarh | C15: Bhilai | D15: Engineering / Technology University | E15: IIT Bhilai | F15: IIT Bhilai Innovation & Technology Foundation (IBITF) | G15: Prof. Souradyuti Paul | H15: Incubation / innovation contact | I15: tih@iitbhilai.ac.in | K15: +91 99710 02706 | L15: https://www.invest.cg.gov.in/startup | M15: https://www.invest.cg.gov.in/startup | N15: A | O15: AI, cloud, platform strategy, deep-tech commercialization, enterprise partnerships. | P15: External Advisor / Mentor – AI, Product & India–Europe Market Access | IIT Bhilai Innovation & Technology Foundation (IBITF) | Q15: Contact the innovation foundation and propose external advisory support for AI/digital ventures. | R15: Named contact + email | S15: 46291 | T15: Sent | U15: 46291
A16: 15 | B16: Chhattisgarh | C16: Raipur | D16: Engineering / Technology University | E16: NIT Raipur | F16: NIT Raipur Foundation for Innovation & Entrepreneurship (NITRRFIE) | G16: Medha Singh | H16: Incubation contact | I16: nitrrfie@nitrr.ac.in | K16: +91 94062 02248 | L16: https://www.invest.cg.gov.in/startup | M16: https://www.invest.cg.gov.in/startup | N16: B | O16: AI/product strategy, venture review, enterprise partnerships, entrepreneurship mentoring. | P16: External Advisor / Mentor – AI, Product & India–Europe Market Access | NIT Raipur Foundation for Innovation & Entrepreneurship (NITRRFIE) | Q16: Email the named contact with advisor CV and proposed monthly founder office hours. | R16: Named contact + email | S16: 46291 | T16: Sent | U16: 46291
A17: 16 | B17: Chhattisgarh | C17: Raipur | D17: State / UT Government Startup Mission | E17: Startup Chhattisgarh – Directorate of Industries | F17: State Startup Mission | G17: Suman Dewangan | H17: Deputy Director – Startup | I17: startup.cg@gov.in | J17: invest-support@cg.gov.in | K17: 0771-3101500 | L17: https://www.invest.cg.gov.in/startup | M17: https://www.invest.cg.gov.in/startup | N17: A | O17: Mentor/advisor contribution to state startup programs, founder capacity building, AI adoption, international ecosystem connections. | P17: External Advisor / Mentor Support for State Startup Mission | Q17: Email the state startup / innovation team with a concise advisor profile and offer specific mentor contributions. | R17: Named contact + email | S17: 46291 | T17: Sent | U17: 46291 | V17: Government / state ecosystem target
A18: 17 | B18: Delhi | C18: New Delhi | D18: Engineering / Technology University | E18: IIIT Delhi | F18: IIIT Delhi Innovation & Incubation Center (IIITD-IC) | G18: IIITD Innovation & Incubation Center | H18: Incubation office | I18: info@iiitdic.in | L18: https://msh.meity.gov.in/tide/incubatorslist | M18: https://msh.meity.gov.in/tide/incubatorslist | N18: A | O18: AI/software platforms, product architecture, SaaS scaling, enterprise GTM, mentoring. | P18: External Advisor / Mentor – AI, Product & India–Europe Market Access | IIIT Delhi Innovation & Incubation Center (IIITD-IC) | Q18: Email with a proposal to join the mentor/advisor network for AI/software ventures. | R18: Functional / office email | S18: 46291 | T18: Already contacted | V18: Already emailed in earlier batch (same address)
A19: 18 | B19: Delhi | C19: New Delhi | D19: Engineering / Technology University | E19: IIT Delhi | F19: FITT – Foundation for Innovation and Technology Transfer | G19: Dr. Ashutosh Pastor | H19: Vice President – Incubation | I19: AshutoshPastor@fitt-iitd.in | L19: https://fitt-iitd.in/web/fittteam | M19: https://fitt-iitd.in/web/fittteam | N19: A | O19: Deep-tech commercialization, corporate innovation, AI/cloud strategy, international market access. | P19: External Advisor / Mentor – AI, Product & India–Europe Market Access | FITT | Q19: Write directly to VP Incubation; attach concise advisor bio and specify AI/cloud, enterprise GTM and India–Europe bridge. | R19: Named contact + email | S19: 46291 | T19: Skipped | V19: Already emailed FITT (mdfitt@gmail.com)
A20: 19 | B20: Delhi | C20: New Delhi | D20: Engineering / Technology University | E20: Netaji Subhas University of Technology (NSUT) | F20: NSUT Incubation & Innovation Foundation | G20: NSUT-IIF Team | H20: Incubation foundation | I20: nsutiif@nsut.ac.in | J20: connect.nsutiif@nsut.ac.in | K20: +91 9205475058 | L20: https://nsutiif.in/contact | M20: https://nsutiif.in/contact | N20: A | O20: AI/product strategy, enterprise technology, commercialization, corporate partnerships, India–Europe market access. | P20: External Advisor / Mentor – AI, Product & India–Europe Startup Ecosystem | NSUT Incubation & Innovation Foundation | Q20: Write directly to the named contact or functional incubation inbox; offer specific advisor/mentor contribution rather than asking for a job. | R20: Functional / office email | S20: 46291 | T20: Sent | U20: 46291 | V20: Additional high-value target
A21: 20 | B21: Goa | C21: Sanquelim | D21: B-School | E21: Goa Institute of Management | F21: Atal Incubation Centre – GIM Foundation (AIC-GIM) | G21: AIC-GIM Team | H21: Startup / incubation team | I21: startups@aicgim.in | K21: +91 832 2366700 | L21: https://aicgim.in/ | M21: https://aicgim.in/ | N21: A | O21: Startup strategy, enterprise GTM, AI adoption, founder mentoring, India–Europe linkage. | P21: External Advisor / Mentor – AI, Product & India–Europe Market Access | Atal Incubation Centre | Q21: Email the startup team requesting inclusion as an external advisor/mentor, especially for technology and scale-up cohorts. | R21: Functional / office email | S21: 46291 | T21: Sent | U21: 46291
A22: 21 | B22: Goa | C22: Zuarinagar | D22: Engineering / Technology University | E22: BITS Pilani – Goa Campus | F22: CIIE / BGIIES | G22: Prof. Saroj Sundar Baral | H22: Faculty-in-Charge, CIIE | I22: ssbaral@goa.bits-pilani.ac.in | K22: +91 832 2580119 | L22: https://www.bits-pilani.ac.in/goa/ciie/ | M22: https://www.bits-pilani.ac.in/goa/ciie/ | N22: A | O22: Technology commercialization, AI/product strategy, entrepreneurship education, mentor programs. | P22: External Advisor / Mentor – AI, Product & India–Europe Market Access | CIIE / BGIIES | Q22: Write to the Faculty-in-Charge proposing advisory sessions, venture reviews and India–Europe startup connects. | R22: Named contact + email | S22: 46291 | T22: Sent | U22: 46291
A23: 22 | B23: Goa | C23: Panaji | D23: State / UT Government Startup Mission | E23: Startup Goa – Department of Information Technology | F23: Startup Promotion Cell | G23: Startup Promotion Cell Team | H23: State startup nodal agency | I23: spc-dit.goa@gov.in | K23: 1800-233-5060 | L23: https://www.startupindia.gov.in/content/sih/en/state-startup-policies/Goa-state-policy.html | M23: https://www.startupindia.gov.in/content/sih/en/state-startup-policies/Goa-state-policy.html | N23: B | O23: Mentor/advisor contribution to state startup programs, founder capacity building, AI adoption, international ecosystem connections. | P23: External Advisor / Mentor Support for Startup Promotion Cell | Q23: Email the state startup / innovation team with a concise advisor profile and offer specific mentor contributions. | R23: Functional / office email | S23: 46291 | T23: Sent | U23: 46291 | V23: Government / state ecosystem target
A24: 23 | B24: Gujarat | C24: Ahmedabad | D24: Accelerator / Incubator | E24: Gujarat University | F24: Gujarat University Startup & Entrepreneurship Council (GUSEC) | G24: GUSEC Partnerships Team | H24: Partnerships / incubation | I24: partnerships@gusec.edu.in | J24: contact@gusec.edu.in | L24: https://gusec.edu.in/contact/ | M24: https://gusec.edu.in/contact/ | N24: A | O24: Cross-border partnerships, AI/product strategy, founder mentoring, corporate/startup collaboration. | P24: External Advisor / Mentor – AI, Product & India–Europe Market Access | Gujarat University Startup & Entrepreneurship Council (GUSEC) | Q24: Use the partnerships inbox rather than a generic startup application; propose a Germany–India ecosystem bridge plus AI/product mentoring. | R24: Functional / office email | S24: 46291 | T24: Already contacted | V24: Already emailed in earlier batch (same address)
A25: 24 | B25: Gujarat | C25: Ahmedabad | D25: Accelerator / Incubator | E25: i-Hub Gujarat | F25: Government of Gujarat Innovation Hub | G25: Hiranmay Mahanta | H25: CEO | I25: ceo@ihubgujarat.in | J25: partnership@ihubgujarat.in | K25: +91 9825013774 | L25: https://ihubgujarat.in/our-team | M25: https://ihubgujarat.in/our-team | N25: A | O25: Startup mentoring, product/GTM, AI adoption, enterprise connects, international ecosystem access. | P25: External Advisor / Mentor – AI, Product & India–Europe Startup Ecosystem | Government of Gujarat Innovation Hub | Q25: Write directly to the named contact or functional incubation inbox; offer specific advisor/mentor contribution rather than asking for a job. | R25: Named contact + email | S25: 46291 | T25: Sent | U25: 46291 | V25: Additional high-value target
A26: 25 | B26: Gujarat | C26: Ahmedabad | D26: B-School | E26: IIM Ahmedabad | F26: IIMA Ventures (formerly CIIE.CO) | G26: IIMA Ventures Team | H26: Venture support team | I26: ciie@iima.ac.in | K26: +91 79 7152 4835 | L26: https://www.indiascienceandtechnology.gov.in/organisationscentresofexcelle/centre-innovation-incubation-entrepreneurship-ciie | M26: https://www.indiascienceandtechnology.gov.in/organisationscentresofexcelle/centre-innovation-incubation-entrepreneurship-ciie | N26: A | O26: Corporate innovation, enterprise GTM, AI/platform strategy, founder coaching, Europe access. | P26: External Advisor / Mentor – AI, Product & India–Europe Market Access | IIMA Ventures (formerly CIIE.CO) | Q26: Approach with a senior external-advisor proposition focused on enterprise tech, AI and cross-border market access. | R26: Functional / office email | S26: 46291 | T26: Skipped | V26: Already emailed IIMA Ventures
A27: 26 | B27: Gujarat | C27: Gandhinagar | D27: Engineering / Technology University | E27: Pandit Deendayal Energy University (PDEU) | F27: PDEU Innovation & Incubation Centre | G27: Abhinav Kapadia | H27: CEO / Director | I27: iic@pdpu.ac.in | K27: +91 79 23275143 / 44; +91 97265 00903 | L27: https://iic.pdeu.ac.in/about/ | M27: https://iic.pdeu.ac.in/about/ | N27: A | O27: AI/digital transformation, enterprise innovation, startup scaling, corporate partnerships. | P27: External Advisor / Mentor – AI, Product & India–Europe Market Access | PDEU Innovation & Incubation Centre | Q27: Address the CEO/Director via the centre email and request external advisor/mentor empanelment. | R27: Named contact + email | S27: 46291 | T27: Already contacted | V27: Already emailed in earlier batch (same address)
A28: 27 | B28: Gujarat | C28: Gandhinagar | D28: State / UT Government Startup Mission | E28: Industries Commissionerate, Government of Gujarat | F28: Startup Gujarat Cell | G28: Startup Gujarat Cell | H28: State startup nodal agency | I28: icstup@gujarat.gov.in | J28: startupgujaratcell@gmail.com | K28: 079-23252588 | L28: https://www.startupindia.gov.in/content/sih/en/state-startup-policies/Gujarat-state-policy.html | M28: https://www.startupindia.gov.in/content/sih/en/state-startup-policies/Gujarat-state-policy.html | N28: A | O28: Mentor/advisor contribution to state startup programs, founder capacity building, AI adoption, international ecosystem connections. | P28: External Advisor / Mentor Support for Startup Gujarat Cell | Q28: Email the state startup / innovation team with a concise advisor profile and offer specific mentor contributions. | R28: Functional / office email | S28: 46291 | T28: Sent | U28: 46291 | V28: Government / state ecosystem target
A29: 28 | B29: Haryana | C29: Sonipat | D29: Accelerator / Incubator | E29: Ashoka University | F29: InfoEdge Centre for Entrepreneurship | G29: Priyank Narayan | H29: Founding Director | I29: entrepreneurship@ashoka.edu.in | L29: https://www.ashoka.edu.in/page/cfe/ | M29: https://www.ashoka.edu.in/page/cfe/ | N29: A | O29: Entrepreneurship education, AI/product strategy, founder mentoring, India–Europe ecosystem access. | P29: External Advisor / Mentor – AI, Product & India–Europe Market Access | InfoEdge Centre for Entrepreneurship | Q29: Write to the centre referencing the Founding Director and offer mentoring, venture reviews and international ecosystem connections. | R29: Named contact + email | S29: 46291 | T29: Sent | U29: 46291
A30: 29 | B30: Haryana | C30: Mahendragarh | D30: Accelerator / Incubator | E30: Central University of Haryana | F30: Centre for Innovation & Incubation | G30: Centre for Innovation & Incubation | H30: Centre office | I30: ssunita@cuh.ac.in | K30: +91 1285 260225 | L30: https://www.cuh.ac.in/ciifcl.aspx | M30: https://www.cuh.ac.in/ciifcl.aspx | N30: B | O30: Digital platforms, AI/data, business models, venture readiness, mentoring. | P30: External Advisor / Mentor – AI, Product & India–Europe Market Access | Centre for Innovation & Incubation | Q30: Email the centre with an external mentor/advisor proposal and offer structured monthly startup clinics. | R30: Functional / office email | S30: 46291 | T30: Sent | U30: 46291
A31: 30 | B31: Haryana | C31: Rohtak | D31: B-School | E31: IIM Rohtak | F31: Entrepreneurship Cell / Bizdome | G31: Entrepreneurship Cell Team | H31: E-Cell / Bizdome | I31: ecell@iimrohtak.ac.in | L31: https://iimrohtak.ac.in/students-clubs-and-committees.php | M31: https://iimrohtak.ac.in/students-clubs-and-committees.php | N31: A | O31: Founder mentoring, business model/GTM, enterprise readiness, AI adoption, India–Europe market access. | P31: External Advisor / Mentor – AI, Product & India–Europe Startup Ecosystem | Entrepreneurship Cell / Bizdome | Q31: Write directly to the named contact or functional incubation inbox; offer specific advisor/mentor contribution rather than asking for a job. | R31: Functional / office email | S31: 46291 | T31: Sent | U31: 46291 | V31: Additional high-value target
A32: 31 | B32: Haryana | C32: Chandigarh | D32: State / UT Government Startup Mission | E32: Startup Haryana – Industries & Commerce Department | F32: Startup Haryana Cell | G32: Rahul Bamel | H32: Deputy Director | I32: startupharyanacell@gmail.com | K32: +91 172-467-1337 | L32: https://startupharyana.gov.in/front/whos-n-who | M32: https://startupharyana.gov.in/front/whos-n-who | N32: A | O32: Mentor/advisor contribution to state startup programs, founder capacity building, AI adoption, international ecosystem connections. | P32: External Advisor / Mentor Support for Startup Haryana Cell | Q32: Email the state startup / innovation team with a concise advisor profile and offer specific mentor contributions. | R32: Named contact + email | S32: 46291 | T32: Sent | U32: 46291 | V32: Government / state ecosystem target
A33: 32 | B33: Himachal Pradesh | C33: Mandi | D33: Engineering / Technology University | E33: IIT Mandi | F33: IIT Mandi Catalyst | G33: Anil Singh | H33: General Manager | I33: gm@iitmandicatalyst.in | L33: https://iitmandi.ac.in/directory | M33: https://iitmandi.ac.in/directory | N33: A | O33: AI/cloud/platform engineering, deep-tech commercialization, enterprise GTM, founder mentoring. | P33: External Advisor / Mentor – AI, Product & India–Europe Market Access | IIT Mandi Catalyst | Q33: Write to the GM; optionally copy Faculty In-Charge Prof. Dipankar Deb (dipankar@iitmandi.ac.in). | R33: Named contact + email | S33: 46291 | T33: Sent | U33: 46291
A34: 33 | B34: Himachal Pradesh | C34: Shimla | D34: State / UT Government Startup Mission | E34: Startup Himachal – Department of Industries | F34: Startup Himachal Cell | G34: Startup Himachal Cell Team | H34: State startup nodal agency | I34: startuphimachal@gmail.com | K34: 0177-2659735 | L34: https://www.startupindia.gov.in/content/sih/en/state-startup-policies/Himachal-Pradesh-state-policy.html | M34: https://www.startupindia.gov.in/content/sih/en/state-startup-policies/Himachal-Pradesh-state-policy.html | N34: B | O34: Mentor/advisor contribution to state startup programs, founder capacity building, AI adoption, international ecosystem connections. | P34: External Advisor / Mentor Support for Startup Himachal Cell | Q34: Email the state startup / innovation team with a concise advisor profile and offer specific mentor contributions. | R34: Functional / office email | S34: 46291 | T34: Sent | U34: 46291 | V34: Government / state ecosystem target
A35: 34 | B35: Jammu & Kashmir | C35: Jammu | D35: Accelerator / Incubator | E35: University of Jammu | F35: Business Incubation & Innovation Centre | G35: Dr. Harish Chander Dutt | H35: Coordinator | I35: helpdesk@jammuuniversity.ac.in | L35: https://jammuuniversity.ac.in/Isk/incubation-innovation-centre | M35: https://jammuuniversity.ac.in/Isk/incubation-innovation-centre | N35: C | O35: Entrepreneurship teaching, startup readiness, digital business, mentor workshops. | P35: External Advisor / Mentor – AI, Product & India–Europe Market Access | Business Incubation & Innovation Centre | Q35: Use the centre page and university helpdesk to request the Coordinator’s current direct contact before sending the advisor pitch. | R35: Named contact + email | S35: 46291 | T35: Skipped | V35: Only a general university helpdesk email
A36: 35 | B36: Jammu & Kashmir | C36: Srinagar | D36: Accelerator / Incubator | E36: University of Kashmir | F36: Centre for Innovation, Incubation & Entrepreneurship (CIIE) | G36: Dr. Bilal Ahmad Malik | H36: Coordinator | I36: bilalmalik@kashmiruniversity.ac.in | J36: ciie@uok.edu.in | K36: +91 91495 11050 | L36: https://ciie.uok.edu.in/Main/ContactUs.aspx | M36: https://ciie.uok.edu.in/Main/ContactUs.aspx | N36: A | O36: Entrepreneurship mentoring, digital transformation, commercialization, market connections. | P36: External Advisor / Mentor – AI, Product & India–Europe Market Access | Centre for Innovation, Incubation & Entrepreneurship (CIIE) | Q36: Email the Coordinator with specific offerings: venture review, AI/product strategy, Europe market access. | R36: Named contact + email | S36: 46291 | T36: Sent | U36: 46291
A37: 36 | B37: Jammu & Kashmir | C37: Jammu | D37: B-School | E37: IIM Jammu | F37: Foundation for Entrepreneurship Innovation & Skill Development / CIED | G37: Kannav Padha | H37: Incubation Manager | I37: manager.itbi@iimj.ac.in | L37: https://www.iimj.ac.in/directory.php | M37: https://www.iimj.ac.in/directory.php | N37: A | O37: Product/GTM, corporate innovation, founder coaching, AI adoption, India–Europe networks. | P37: External Advisor / Mentor – AI, Product & India–Europe Market Access | Foundation for Entrepreneurship Innovation & Skill Development / CIED | Q37: Write directly to the Incubation Manager; offer a 6–12 month advisor/mentor-in-residence engagement. | R37: Named contact + email | S37: 46291 | T37: Sent | U37: 46291
A38: 37 | B38: Jammu & Kashmir | C38: Awantipora | D38: Engineering / Technology University | E38: Islamic University of Science & Technology (IUST) | F38: Centre for Innovation & Entrepreneurship Development (CIED) | G38: CIED IUST Team | H38: Incubation office | I38: cied@iust.ac.in | K38: +91 1933 453396 | L38: https://www.ciediust.in/ | M38: https://www.ciediust.in/ | N38: B | O38: AI/digital ventures, product strategy, startup execution, entrepreneurship mentoring. | P38: External Advisor / Mentor – AI, Product & India–Europe Market Access | Centre for Innovation & Entrepreneurship Development (CIED) | Q38: Request external advisor/mentor association, offering AI/product strategy and founder office hours. | R38: Functional / office email | S38: 46291 | T38: Sent | U38: 46291
A39: 38 | B39: Jammu & Kashmir | C39: Srinagar | D39: Engineering / Technology University | E39: NIT Srinagar | F39: Innovation, Incubation & Entrepreneurship Development Centre (IIEDC) | G39: Prof. Babar Ahmad | H39: Head, IIEDC | I39: babar@nitsri.ac.in | J39: iiedc@nitsri.ac.in | K39: +91 97977 57234 | L39: https://nitsri.ac.in/Pages/CentreList.aspx | M39: https://nitsri.ac.in/Pages/CentreList.aspx | N39: A | O39: Technology entrepreneurship, AI/product architecture, venture reviews, industry connections. | P39: External Advisor / Mentor – AI, Product & India–Europe Market Access | Innovation, Incubation & Entrepreneurship Development Centre (IIEDC) | Q39: Write to the Head asking to join the centre’s external mentor/advisor network. | R39: Named contact + email | S39: 46291 | T39: Sent | U39: 46291
A40: 39 | B40: Jammu & Kashmir | C40: Pampore | D40: State / UT Government Startup Mission | E40: Jammu & Kashmir Entrepreneurship Development Institute (JKEDI) | F40: J&K Startup Mission | G40: JKEDI Startup / Incubation Team | H40: State/UT startup nodal agency | I40: jkediciibm@gmail.com | K40: 7006504038 | L40: https://www.startupindia.gov.in/content/sih/en/state-startup-policies/Jammu-and-Kashmir-state-policy.html | M40: https://www.startupindia.gov.in/content/sih/en/state-startup-policies/Jammu-and-Kashmir-state-policy.html | N40: A | O40: Mentor/advisor contribution to state startup programs, founder capacity building, AI adoption, international ecosystem connections. | P40: External Advisor / Mentor Support for J&K Startup Mission | Q40: Email the state startup / innovation team with a concise advisor profile and offer specific mentor contributions. | R40: Functional / office email | S40: 46291 | T40: Sent | U40: 46291 | V40: Government / state ecosystem target
A41: 40 | B41: Jharkhand | C41: Jamshedpur | D41: B-School | E41: XLRI | F41: XCEED / XCITE Incubator | G41: Prof. Sunil Kumar Sarangi | H41: CEO, XCEED | I41: xceed@xlri.ac.in | J41: xcite.office@xlri.ac.in | K41: +91 657 6653333 | L41: https://xceed.xlri.ac.in/contact-us | M41: https://xceed.xlri.ac.in/contact-us | N41: A | O41: Founder mentoring, business model/GTM, enterprise readiness, AI adoption, India–Europe market access. | P41: External Advisor / Mentor – AI, Product & India–Europe Startup Ecosystem | XCEED / XCITE Incubator | Q41: Write directly to the named contact or functional incubation inbox; offer specific advisor/mentor contribution rather than asking for a job. | R41: Named contact + email | S41: 46291 | T41: Already contacted | V41: Already emailed in earlier batch (same address)
A42: 41 | B42: Jharkhand | C42: Dhanbad | D42: Engineering / Technology University | E42: IIT (ISM) Dhanbad | F42: Centre for Innovation, Incubation & Entrepreneurship (CIIE) | G42: CIIE IIT (ISM) Team | H42: Incubation office | I42: ciie@iitism.ac.in | K42: +91 326 2235870 | L42: https://ciie.iitism.ac.in/incubation.php | M42: https://ciie.iitism.ac.in/incubation.php | N42: A | O42: AI/cloud platforms, enterprise digital transformation, commercialization, founder mentoring. | P42: External Advisor / Mentor – AI, Product & India–Europe Market Access | Centre for Innovation, Incubation & Entrepreneurship (CIIE) | Q42: Email CIIE with a tailored external advisor proposition for technology and enterprise ventures. | R42: Functional / office email | S42: 46291 | T42: Sent | U42: 46291
A43: 42 | B43: Jharkhand | C43: Ranchi | D43: State / UT Government Startup Mission | E43: Startup Jharkhand – Department of IT & e-Governance | F43: State Startup Mission | G43: Startup Jharkhand Team | H43: State startup nodal agency | I43: it-secretary@jharkhand.gov.in | K43: 0651-2400001 | L43: https://www.startupindia.gov.in/content/sih/en/state-startup-policies/Jharkhand-state-policy.html | M43: https://www.startupindia.gov.in/content/sih/en/state-startup-policies/Jharkhand-state-policy.html | N43: B | O43: Mentor/advisor contribution to state startup programs, founder capacity building, AI adoption, international ecosystem connections. | P43: External Advisor / Mentor Support for State Startup Mission | Q43: Email the state startup / innovation team with a concise advisor profile and offer specific mentor contributions. | R43: Functional / office email | S43: 46291 | T43: Sent | U43: 46291 | V43: Government / state ecosystem target
A44: 43 | B44: Karnataka | C44: Bengaluru | D44: Accelerator / Incubator | E44: C-CAMP | F44: Centre for Cellular and Molecular Platforms | G44: Dr. Taslimarif Saiyed | H44: CEO & Director | I44: taslim@ccamp.res.in | J44: ccamp@ccamp.res.in | K44: +91 80 67185100 | L44: https://www.indiascienceandtechnology.gov.in/hi/node/124855 | M44: https://www.indiascienceandtechnology.gov.in/hi/node/124855 | N44: A | O44: Startup mentoring, product/GTM, AI adoption, enterprise connects, international ecosystem access. | P44: External Advisor / Mentor – AI, Product & India–Europe Startup Ecosystem | Centre for Cellular and Molecular Platforms | Q44: Write directly to the named contact or functional incubation inbox; offer specific advisor/mentor contribution rather than asking for a job. | R44: Named contact + email | S44: 46291 | T44: Sent | U44: 46291 | V44: Additional high-value target
A45: 44 | B45: Karnataka | C45: Bengaluru | D45: Accelerator / Incubator | E45: CHRIST (Deemed to be University) | F45: Incubation and Entrepreneurship Support Cell (C-IESC) | G45: C-IESC Team | H45: Incubation office | I45: incubation.cell@christuniversity.in | L45: https://christuniversity.in/center/C/C-IESC/apply-online | M45: https://christuniversity.in/center/C/C-IESC/apply-online | N45: B | O45: Entrepreneurship education, startup readiness, AI/product strategy, mentor programs. | P45: External Advisor / Mentor – AI, Product & India–Europe Market Access | Incubation and Entrepreneurship Support Cell (C-IESC) | Q45: Email the cell offering mentor sessions, venture reviews and entrepreneurship/AI workshops. | R45: Functional / office email | S45: 46291 | T45: Sent | U45: 46291
A46: 45 | B46: Karnataka | C46: Bengaluru | D46: Accelerator / Incubator | E46: Dayananda Sagar Institutions | F46: DERBI Foundation | G46: DERBI Foundation Team | H46: Incubation office | I46: adminmanager@derbifoundation.com | L46: https://msh.meity.gov.in/tide/incubatorslist | M46: https://msh.meity.gov.in/tide/incubatorslist | N46: B | O46: AI/cloud platforms, enterprise technology, commercialization, startup execution. | P46: External Advisor / Mentor – AI, Product & India–Europe Market Access | DERBI Foundation | Q46: Email the admin/incubation manager with advisor profile and AI/enterprise-tech focus. | R46: Functional / office email | S46: 46291 | T46: Sent | U46: 46291
A47: 46 | B47: Karnataka | C47: Bengaluru | D47: Accelerator / Incubator | E47: Indian Institute of Science (IISc) | F47: Society for Innovation and Development (SID / FSID) | G47: SID / FSID Team | H47: Innovation & incubation office | I47: office@sid.iisc.ernet.in | L47: https://www.indiascienceandtechnology.gov.in/technologyincubators/society-innovation-development-sid | M47: https://www.indiascienceandtechnology.gov.in/technologyincubators/society-innovation-development-sid | N47: A | O47: Deep-tech commercialization, AI/cloud platforms, enterprise partnerships, go-to-market. | P47: External Advisor / Mentor – AI, Product & India–Europe Market Access | Society for Innovation and Development (SID / FSID) | Q47: Email SID with an advisory proposition focused on commercialization and enterprise adoption, not scientific domain advice. | R47: Functional / office email | S47: 46291 | T47: Sent | U47: 46291
A48: 47 | B48: Karnataka | C48: Bengaluru | D48: Accelerator / Incubator | E48: JAIN (Deemed-to-be University) | F48: Chenraj Roychand Centre for Entrepreneurship (CUBEC) | G48: CUBEC Team | H48: Entrepreneurship centre | I48: int.cubec@jainuniversity.ac.in | K48: +91 80 43430410 ext. 202 | L48: https://www.jainuniversity.ac.in/cubec/contact.php | M48: https://www.jainuniversity.ac.in/cubec/contact.php | N48: B | O48: Entrepreneurship education, product/GTM, digital business, founder mentoring. | P48: External Advisor / Mentor – AI, Product & India–Europe Market Access | Chenraj Roychand Centre for Entrepreneurship (CUBEC) | Q48: Approach CUBEC for an external advisor/mentor role and propose founder office hours plus Europe market sessions. | R48: Functional / office email | S48: 46291 | T48: Skipped | V48: JAIN already emailed via JAIN Launchpad
A49: 48 | B49: Karnataka | C49: Bengaluru | D49: B-School | E49: IIM Bangalore | F49: NSRCEL | G49: NSRCEL Team | H49: Mentor / partner route | K49: +91 80 2699 3701 | L49: https://nsrcel.org/contact-us/ | M49: https://nsrcel.org/contact-us/ | N49: A | O49: Corporate innovation, product/GTM, startup governance, founder mentoring, India–Europe scale-up. | P49: External Advisor / Mentor – AI, Product & India–Europe Market Access | NSRCEL | Q49: Use NSRCEL’s Contact Us form and select “Mentor” (or “Partner”) rather than sending a generic startup query. | R49: No public email verified | S49: 46291 | T49: Skipped | V49: No email in database
A50: 49 | B50: Karnataka | C50: Bengaluru | D50: Engineering / Technology University | E50: IIIT Bangalore | F50: IIIT-B Innovation Centre | G50: Innovation Centre Team | H50: Incubation office | I50: ceoinnovationcenter@iiitb.ac.in | K50: +91 80 41407777 | L50: https://ic.iiitb.ac.in/ | M50: https://ic.iiitb.ac.in/ | N50: A | O50: AI/software platforms, cloud architecture, enterprise SaaS, product scaling, mentoring. | P50: External Advisor / Mentor – AI, Product & India–Europe Market Access | IIIT-B Innovation Centre | Q50: Write to the Innovation Centre CEO inbox requesting advisor/mentor panel consideration. | R50: Functional / office email | S50: 46291 | T50: Skipped | V50: Already emailed IIITB Innovation Centre
A51: 50 | B51: Karnataka | C51: Manipal | D51: Engineering / Technology University | E51: Manipal Academy of Higher Education | F51: Manipal University Technology Business Incubator (MUTBI) | G51: MUTBI Team | H51: Incubation office | I51: mutbi.mit@manipal.edu | K51: +91 820 2925051 | L51: https://www.manipal.edu/mu/important-links/innovation-entrepreneruship/mutbi.html | M51: https://www.manipal.edu/mu/important-links/innovation-entrepreneruship/mutbi.html | N51: A | O51: AI/cloud, product strategy, enterprise transformation, commercialization, founder coaching. | P51: External Advisor / Mentor – AI, Product & India–Europe Market Access | Manipal University Technology Business Incubator (MUTBI) | Q51: Email MUTBI seeking empanelment as an external technology/business advisor. | R51: Functional / office email | S51: 46291 | T51: Already contacted | V51: Already emailed in earlier batch (same address)
A52: 51 | B52: Karnataka | C52: Surathkal | D52: Engineering / Technology University | E52: NITK Surathkal | F52: Science & Technology Entrepreneurs’ Park (STEP) | G52: Dr. Subray R. Hegde | H52: Director In-Charge | I52: step@nitk.edu.in | K52: +91 87625 88011 | L52: https://step.nitk.ac.in/about.html | M52: https://step.nitk.ac.in/about.html | N52: A | O52: Tech commercialization, AI/product architecture, enterprise partnerships, entrepreneurship mentoring. | P52: External Advisor / Mentor – AI, Product & India–Europe Market Access | Science & Technology Entrepreneurs’ Park (STEP) | Q52: Write to Director In-Charge proposing startup reviews, AI/product mentoring and corporate-market linkage. | R52: Named contact + email | S52: 46291 | T52: Already contacted | V52: Already emailed in earlier batch (same address)
A53: 52 | B53: Karnataka | C53: Bengaluru | D53: State / UT Government Startup Mission | E53: Karnataka Startup Cell – Department of Electronics, IT, BT & S&T | F53: State Startup Mission | G53: Karnataka Startup Cell | H53: State startup nodal agency | I53: startupcell@karnataka.gov.in | K53: +91-80-22231007 | L53: https://www.startupindia.gov.in/content/sih/en/state-startup-policies/Karnataka-state-policy.html | M53: https://www.startupindia.gov.in/content/sih/en/state-startup-policies/Karnataka-state-policy.html | N53: A | O53: Mentor/advisor contribution to state startup programs, founder capacity building, AI adoption, international ecosystem connections. | P53: External Advisor / Mentor Support for State Startup Mission | Q53: Email the state startup / innovation team with a concise advisor profile and offer specific mentor contributions. | R53: Functional / office email | S53: 46291 | T53: Sent | U53: 46291 | V53: Government / state ecosystem target
A54: 53 | B54: Kerala | C54: Kozhikode / Kochi | D54: B-School | E54: IIM Kozhikode | F54: IIMK LIVE | G54: IIMK LIVE Team | H54: Incubation office | I54: enquiry@iimklive.org | K54: +91 495 2809669 | L54: https://www.iimklive.org/ | M54: https://www.iimklive.org/ | N54: A | O54: Product/GTM, corporate innovation, founder mentoring, India–Europe market access. | P54: External Advisor / Mentor – AI, Product & India–Europe Market Access | IIMK LIVE | Q54: Email LIVE requesting inclusion as an external advisor/mentor for technology and scaling ventures. | R54: Functional / office email | S54: 46291 | T54: Already contacted | V54: Already emailed in earlier batch (same address)
A55: 54 | B55: Kerala | C55: Kollam / Coimbatore / Bengaluru | D55: Engineering / Technology University | E55: Amrita Vishwa Vidyapeetham | F55: Amrita Technology Business Incubator (Amrita TBI) | G55: Amrita TBI Team | H55: Incubation office | I55: info@amritatbi.com | K55: +91 476 2805450; +91 70259 00047 | L55: https://www.amritatbi.com/incubation-apply.html | M55: https://www.amritatbi.com/incubation-apply.html | N55: A | O55: AI/cloud, technology commercialization, startup scaling, cross-border partnerships. | P55: External Advisor / Mentor – AI, Product & India–Europe Market Access | Amrita Technology Business Incubator (Amrita TBI) | Q55: Email with an advisor proposal covering AI/cloud, commercialization, founder mentoring and Europe market access. | R55: Functional / office email | S55: 46291 | T55: Already contacted | V55: Already emailed in earlier batch (same address)
A56: 55 | B56: Kerala | C56: Kochi | D56: Engineering / Technology University | E56: Cochin University of Science and Technology (CUSAT) | F56: CUSAT Technology Business Incubator | G56: Dr. Kailasnath M. | H56: Co-ordinator | I56: cusatechfoundation@cusat.ac.in | J56: tbi@cusat.ac.in | K56: +91 98950 25773 / 98950 14481 | L56: https://tbi.cusat.ac.in/ | M56: https://tbi.cusat.ac.in/ | N56: A | O56: AI/product strategy, digital platforms, tech commercialization, enterprise partnerships. | P56: External Advisor / Mentor – AI, Product & India–Europe Market Access | CUSAT Technology Business Incubator | Q56: Write directly to the Co-ordinator with a one-page external advisor profile. | R56: Named contact + email | S56: 46291 | T56: Skipped | V56: Already emailed CUSAT TBI
A57: 56 | B57: Kerala | C57: Kochi | D57: Engineering / Technology University | E57: IIITM-K / Kerala Digital University ecosystem | F57: Maker Village | G57: Maker Village Team | H57: Incubation office | I57: makervillage@iiitmk.ac.in | K57: +91 484 2976688 | L57: https://makervillage.in/contactus.php | M57: https://makervillage.in/contactus.php | N57: B | O57: AI/IoT platform strategy, enterprise architecture, commercialization, corporate partnerships. | P57: External Advisor / Mentor – AI, Product & India–Europe Market Access | Maker Village | Q57: Offer digital/AI/platform commercialization and enterprise partnership advice, complementing hardware expertise. | R57: Functional / office email | S57: 46291 | T57: Sent | U57: 46291
A58: 57 | B58: Kerala | C58: Kozhikode | D58: Engineering / Technology University | E58: NIT Calicut | F58: Technology Business Incubator (TBI) | G58: TBI NIT Calicut | H58: Incubation office | I58: tbi@nitc.ac.in | K58: +91 495 2286147 | L58: https://my.msme.gov.in/inc/HIList.aspx | M58: https://my.msme.gov.in/inc/HIList.aspx | N58: B | O58: Technology entrepreneurship, AI/product architecture, commercialization, mentoring. | P58: External Advisor / Mentor – AI, Product & India–Europe Market Access | Technology Business Incubator (TBI) | Q58: Email the TBI and request the current CEO/Coordinator for an external advisor discussion. | R58: Named contact + email | S58: 46291 | T58: Already contacted | V58: Already emailed in earlier batch (same address)
A59: 58 | B59: Kerala | C59: Thiruvananthapuram | D59: State / UT Government Startup Mission | E59: Kerala Startup Mission (KSUM) | F59: State Startup Mission / Accelerator | G59: Anoop Ambika | H59: Chief Executive Officer | I59: ceo@startupmission.in | J59: info@startupmission.in | K59: 0471-2700270 | L59: https://www.startupmission.kerala.gov.in/rti | M59: https://www.startupmission.kerala.gov.in/rti | N59: A | O59: Mentor/advisor contribution to state startup programs, founder capacity building, AI adoption, international ecosystem connections. | P59: External Advisor / Mentor Support for State Startup Mission / Accelerator | Q59: Email the state startup / innovation team with a concise advisor profile and offer specific mentor contributions. | R59: Named contact + email | S59: 46291 | T59: Already contacted | V59: Already emailed in earlier batch (same address)
A60: 59 | B60: Madhya Pradesh | C60: Bhopal | D60: Accelerator / Incubator | E60: Rabindranath Tagore University | F60: Atal Incubation Centre – RNTU (AIC-RNTU) | G60: AIC-RNTU Team | H60: Incubation team | I60: aic@rntu.ac.in | K60: +91 755 2700485 | L60: https://www.aicrntu.com/career | M60: https://www.aicrntu.com/career | N60: A | O60: AI/product strategy, startup mentoring, entrepreneurship education, corporate & Europe connections. | P60: External Advisor / Mentor – AI, Product & India–Europe Market Access | Atal Incubation Centre | Q60: Email AIC-RNTU; their careers page also invites profiles for future opportunities, useful for an advisor proposal. | R60: Functional / office email | S60: 46291 | T60: Sent | U60: 46291
A61: 60 | B61: Madhya Pradesh | C61: Indore | D61: B-School | E61: IIM Indore | F61: Startups & Small Business Facilitation | G61: Industry Interface Office | H61: Industry Interface Office | I61: IndustryInterface@iimidr.ac.in | J61: ecell@iimidr.ac.in | L61: https://iimidr.ac.in/about/industry-interface-office/startups-small-business-facilitation/ | M61: https://iimidr.ac.in/about/industry-interface-office/startups-small-business-facilitation/ | N61: A | O61: Founder mentoring, business model/GTM, enterprise readiness, AI adoption, India–Europe market access. | P61: External Advisor / Mentor – AI, Product & India–Europe Startup Ecosystem | Startups & Small Business Facilitation | Q61: Write directly to the named contact or functional incubation inbox; offer specific advisor/mentor contribution rather than asking for a job. | R61: Functional / office email | S61: 46291 | T61: Sent | U61: 46291 | V61: Additional high-value target
A62: 61 | B62: Madhya Pradesh | C62: Bhopal | D62: State / UT Government Startup Mission | E62: MP Startup Centre – Department of MSME | F62: State Startup Mission | G62: MP Startup Centre Team | H62: State startup nodal agency | I62: startup-centre@mp.gov.in | K62: 0755-3524017 | L62: https://www.startupindia.gov.in/content/sih/en/state-startup-policies/Madhya-Pradesh-state-policy.html | M62: https://www.startupindia.gov.in/content/sih/en/state-startup-policies/Madhya-Pradesh-state-policy.html | N62: A | O62: Mentor/advisor contribution to state startup programs, founder capacity building, AI adoption, international ecosystem connections. | P62: External Advisor / Mentor Support for State Startup Mission | Q62: Email the state startup / innovation team with a concise advisor profile and offer specific mentor contributions. | R62: Functional / office email | S62: 46291 | T62: Sent | U62: 46291 | V62: Government / state ecosystem target
A63: 62 | B63: Maharashtra | C63: Nashik | D63: Accelerator / Incubator | E63: Sandip University | F63: Sandip Technology Business Incubator | G63: Sandip TBI Team | H63: Incubation team | I63: manager@sandipincubator.org | L63: https://msh.meity.gov.in/tide/incubatorslist | M63: https://msh.meity.gov.in/tide/incubatorslist | N63: B | O63: AI/product strategy, startup execution, enterprise technology, mentoring. | P63: External Advisor / Mentor – AI, Product & India–Europe Market Access | Sandip Technology Business Incubator | Q63: Email the manager with AI/product/GTM advisory focus and offer virtual founder clinics. | R63: Functional / office email | S63: 46291 | T63: Sent | U63: 46291
A64: 63 | B64: Maharashtra | C64: Pune | D64: Accelerator / Incubator | E64: Venture Center | F64: NCL Innovation Park Incubator | G64: Soma Chattopadhyay | H64: Manager – Incubator | I64: managerincubator@venturecenter.co.in | J64: reception@venturecenter.co.in | K64: +91 9172232211 | L64: https://nidhicoe.venturecenter.co.in/contact/ | M64: https://nidhicoe.venturecenter.co.in/contact/ | N64: A | O64: Startup mentoring, product/GTM, AI adoption, enterprise connects, international ecosystem access. | P64: External Advisor / Mentor – AI, Product & India–Europe Startup Ecosystem | NCL Innovation Park Incubator | Q64: Write directly to the named contact or functional incubation inbox; offer specific advisor/mentor contribution rather than asking for a job. | R64: Named contact + email | S64: 46291 | T64: Sent | U64: 46291 | V64: Additional high-value target
A65: 64 | B65: Maharashtra | C65: Nagpur | D65: B-School | E65: IIM Nagpur | F65: InFED – IIM Nagpur Foundation for Entrepreneurship Development | G65: InFED Team | H65: Incubation office | I65: infed@iimnagpur.ac.in | K65: +91 712 2870368 | L65: https://www.infed.in/ | M65: https://www.infed.in/ | N65: A | O65: Product/GTM, founder governance, enterprise sales, AI adoption, India–Europe connections. | P65: External Advisor / Mentor – AI, Product & India–Europe Market Access | InFED | Q65: Email InFED requesting empanelment as external advisor/mentor for startup cohorts. | R65: Functional / office email | S65: 46291 | T65: Sent | U65: 46291
A66: 65 | B66: Maharashtra | C66: Pune | D66: Engineering / Technology University | E66: COEP Technological University | F66: Bhau Institute of Innovation, Entrepreneurship & Leadership | G66: Bhau Institute Team | H66: Incubation team | I66: manager.bhau@coeptech.ac.in | K66: +91 20 25507023 | L66: https://bhau.org/contact/ | M66: https://bhau.org/contact/ | N66: A | O66: Product strategy, AI/software ventures, commercialization, entrepreneurship education. | P66: External Advisor / Mentor – AI, Product & India–Europe Market Access | Bhau Institute of Innovation, Entrepreneurship & Leadership | Q66: Email the manager with a targeted advisor proposition and offer founder office hours / pitch reviews. | R66: Functional / office email | S66: 46291 | T66: Already contacted | V66: Already emailed in earlier batch (same address)
A67: 66 | B67: Maharashtra | C67: Mumbai | D67: Engineering / Technology University | E67: IIT Bombay | F67: Society for Innovation and Entrepreneurship (SINE) | G67: SINE Team | H67: Partnership / incubation team | I67: sine@sineiitb.org | K67: +91 22 2576 7016 | L67: https://sineiitb.org/contact | M67: https://sineiitb.org/contact | N67: A | O67: Deep-tech commercialization, AI/cloud strategy, enterprise GTM, corporate partnerships, mentoring. | P67: External Advisor / Mentor – AI, Product & India–Europe Market Access | Society for Innovation and Entrepreneurship (SINE) | Q67: Use SINE contact route with query category “For Partnership”; position as External Advisor/Mentor, not applicant. | R67: Functional / office email | S67: 46291 | T67: Sent | U67: 46291
A68: 67 | B68: Maharashtra | C68: Pune | D68: Engineering / Technology University | E68: Savitribai Phule Pune University | F68: Science and Technology Park | G68: Science & Technology Park Team | H68: Innovation / incubation office | I68: stp@scitechpark.org.in | K68: +91 20 25699206; +91 99600 00963 | L68: https://scitechpark.org.in/contact-us/ | M68: https://scitechpark.org.in/contact-us/ | N68: A | O68: Tech commercialization, AI/cloud, corporate innovation, enterprise partnerships, market access. | P68: External Advisor / Mentor – AI, Product & India–Europe Market Access | Science and Technology Park | Q68: Approach as a technology commercialization and market-access advisor, with AI/cloud and corporate-network focus. | R68: Functional / office email | S68: 46291 | T68: Sent | U68: 46291
A69: 68 | B69: Maharashtra | C69: Mumbai | D69: State / UT Government Startup Mission | E69: Maharashtra State Innovation Society (MSInS) | F69: State Startup / Innovation Mission | G69: Dr. Shrikant Patil | H69: Chief Executive Officer | I69: team@msins.in | K69: +91 22 3105 9000 | L69: https://msins.in/Aboutus | M69: https://msins.in/Aboutus | N69: A | O69: Mentor/advisor contribution to state startup programs, founder capacity building, AI adoption, international ecosystem connections. | P69: External Advisor / Mentor Support for State Startup / Innovation Mission | Q69: Email the state startup / innovation team with a concise advisor profile and offer specific mentor contributions. | R69: Named contact + email | S69: 46291 | T69: Sent | U69: 46291 | V69: Government / state ecosystem target
A70: 69 | B70: Manipur | C70: Imphal | D70: Accelerator / Incubator | E70: Manipur University | F70: Incubation Centre / Start-ups & Entrepreneurship Cell | G70: Incubation / Entrepreneurship Cell | H70: University contact | I70: info@manipuruniv.ac.in | K70: +91 385 2435125 / 2435143 | L70: https://www.manipuruniv.ac.in/p/incubation-centre-start-ups-entrepreneurship-cell-2 | M70: https://www.manipuruniv.ac.in/p/incubation-centre-start-ups-entrepreneurship-cell-2 | N70: C | O70: Entrepreneurship education, digital business, AI/product mentoring, startup readiness. | P70: External Advisor / Mentor – AI, Product & India–Europe Market Access | Incubation Centre / Start-ups & Entrepreneurship Cell | Q70: Use the university contact to request the current incubation coordinator, then send advisor profile. | R70: Functional / office email | S70: 46291 | T70: Skipped | V70: Only a general university info email
A71: 70 | B71: Manipur | C71: Imphal | D71: State / UT Government Startup Mission | E71: Startup Manipur – Planning Department | F71: State Startup Mission | G71: Startup Manipur Team | H71: State startup nodal agency | I71: contact@startupmanipur.in | K71: 1800 345 3831 | L71: https://startupmanipur.in/contact/ | M71: https://startupmanipur.in/contact/ | N71: B | O71: Mentor/advisor contribution to state startup programs, founder capacity building, AI adoption, international ecosystem connections. | P71: External Advisor / Mentor Support for State Startup Mission | Q71: Email the state startup / innovation team with a concise advisor profile and offer specific mentor contributions. | R71: Functional / office email | S71: 46291 | T71: Sent | U71: 46291 | V71: Government / state ecosystem target
A72: 71 | B72: Meghalaya | C72: Shillong | D72: B-School | E72: IIM Shillong | F72: Incubation & Enterprise Support Centre / IIM Shillong Foundation for Incubation and Entrepreneurship | G72: Chair – Incubation | H72: Chair / incubation office | I72: chair.incubation@iimshillong.ac.in | J72: incubation@iimshillong.ac.in | K72: +91 364 2308098 | L72: https://www.iimshillong.ac.in/contact/ | M72: https://www.iimshillong.ac.in/contact/ | N72: A | O72: Product/GTM, entrepreneurship education, founder mentoring, AI adoption, India–Europe bridge. | P72: External Advisor / Mentor – AI, Product & India–Europe Market Access | Incubation & Enterprise Support Centre / IIM Shillong Foundation for Incubation and Entrepreneurship | Q72: Write to the Chair and incubator office with an external advisor proposition for technology and scale-up startups. | R72: Functional / office email | S72: 46291 | T72: Sent | U72: 46291
A73: 72 | B73: Meghalaya | C73: Shillong | D73: State / UT Government Startup Mission | E73: PRIME Meghalaya | F73: State Entrepreneurship / Startup Mission | G73: PRIME Meghalaya Team | H73: State entrepreneurship mission | I73: info@primemeghalaya.com | J73: streamlet.prime@gmail.com | K73: +91 9077826559 | L73: https://primemeghalaya.com/admin-governance | M73: https://primemeghalaya.com/admin-governance | N73: A | O73: Mentor/advisor contribution to state startup programs, founder capacity building, AI adoption, international ecosystem connections. | P73: External Advisor / Mentor Support for State Entrepreneurship / Startup Mission | Q73: Email the state startup / innovation team with a concise advisor profile and offer specific mentor contributions. | R73: Functional / office email | S73: 46291 | T73: Sent | U73: 46291 | V73: Government / state ecosystem target
A74: 73 | B74: Mizoram | C74: Aizawl | D74: Accelerator / Incubator | E74: Mizoram University | F74: BioNEST Incubator | G74: Dr. H. Lalhruaitluanga | H74: Coordinator | I74: mahruaia123@gmail.com | L74: https://mzu.edu.in/bionest-incubator/ | M74: https://mzu.edu.in/bionest-incubator/ | N74: C | O74: Commercialization, digital platforms, operations, enterprise partnerships, market access. | P74: External Advisor / Mentor – AI, Product & India–Europe Market Access | BioNEST Incubator | Q74: Offer commercialization, digital/AI platform, operations and market-access advisory—not scientific/clinical advice. | R74: Named contact + email | S74: 46291 | T74: Sent | U74: 46291
A75: 74 | B75: Mizoram | C75: Aizawl | D75: State / UT Government Startup Mission | E75: Entrepreneurship Development Centre, Government of Mizoram | F75: State Startup Mission | G75: EDC Mizoram Team | H75: State startup nodal agency | I75: edcmizoram@gmail.com | K75: 8132812349 | L75: https://www.startupindia.gov.in/content/sih/en/state-startup-policies/Mizoram-state-policy.html | M75: https://www.startupindia.gov.in/content/sih/en/state-startup-policies/Mizoram-state-policy.html | N75: B | O75: Mentor/advisor contribution to state startup programs, founder capacity building, AI adoption, international ecosystem connections. | P75: External Advisor / Mentor Support for State Startup Mission | Q75: Email the state startup / innovation team with a concise advisor profile and offer specific mentor contributions. | R75: Functional / office email | S75: 46291 | T75: Sent | U75: 46291 | V75: Government / state ecosystem target
A76: 75 | B76: Nagaland | C76: Kohima | D76: Accelerator / Incubator | E76: Nagaland University | F76: IIE-NEC Incubation Centre | G76: IIE-NEC Incubation Centre | H76: Centre office | L76: https://kohima.nagalanduniversity.ac.in/man_ic | M76: https://kohima.nagalanduniversity.ac.in/man_ic | N76: C | O76: Entrepreneurship mentoring, digital business, AI/product workshops, market linkage. | P76: External Advisor / Mentor – AI, Product & India–Europe Market Access | IIE-NEC Incubation Centre | Q76: Use the centre page to identify/confirm the current coordinator, then send advisor profile through the university channel. | R76: No public email verified | S76: 46291 | T76: Skipped | V76: No email in database
A77: 76 | B77: Nagaland | C77: Kohima | D77: State / UT Government Startup Mission | E77: Startup Nagaland – Directorate of Industries & Commerce | F77: State Startup Mission | G77: Keneirienuo K. Theunuo | H77: Startup Nagaland Team Leader / Assistant Director (Tech) | I77: start.nagaland@gmail.com | J77: keneiken80@gmail.com | K77: +91 9856071150 | L77: https://www.startupnagaland.in/User-Contacts | M77: https://www.startupnagaland.in/User-Contacts | N77: A | O77: Mentor/advisor contribution to state startup programs, founder capacity building, AI adoption, international ecosystem connections. | P77: External Advisor / Mentor Support for State Startup Mission | Q77: Email the state startup / innovation team with a concise advisor profile and offer specific mentor contributions. | R77: Named contact + email | S77: 46291 | T77: Sent | U77: 46291 | V77: Government / state ecosystem target
A78: 77 | B78: Odisha | C78: Sambalpur | D78: B-School | E78: IIM Sambalpur | F78: Innovation & Incubation Council / Entrepreneurship ecosystem | G78: IIC / Entrepreneurship Team | H78: Student / institute innovation contact | I78: iic.hrclub@iimsambalpur.ac.in | L78: https://iimsambalpur.ac.in/student-committees/ | M78: https://iimsambalpur.ac.in/student-committees/ | N78: C | O78: Entrepreneurship education, founder mentoring, digital business, AI/product workshops. | P78: External Advisor / Mentor – AI, Product & India–Europe Market Access | Innovation & Incubation Council / Entrepreneurship ecosystem | Q78: Pitch an external mentor/advisor role focused on entrepreneurship sessions and venture reviews; confirm formal incubator route first. | R78: Functional / office email | S78: 46291 | T78: Sent | U78: 46291
A79: 78 | B79: Odisha | C79: Bhubaneswar | D79: Engineering / Technology University | E79: IIT Bhubaneswar | F79: Research & Entrepreneurship Park (REP) | G79: REP Team | H79: Research / incubation office | I79: office.rep@iitbbs.ac.in | K79: +91 74400 12530 | L79: https://rep.iitbbs.ac.in/contact/ | M79: https://rep.iitbbs.ac.in/contact/ | N79: A | O79: Research commercialization, AI/cloud platforms, enterprise adoption, founder mentoring. | P79: External Advisor / Mentor – AI, Product & India–Europe Market Access | Research & Entrepreneurship Park (REP) | Q79: Email REP to propose advisory support for research commercialization and technology startups. | R79: Functional / office email | S79: 46291 | T79: Sent | U79: 46291
A80: 79 | B80: Odisha | C80: Bhubaneswar | D80: Engineering / Technology University | E80: KIIT | F80: KIIT Technology Business Incubator (KIIT-TBI) | G80: Dr. Namrata Misra | H80: Incubation contact | I80: namrata@kiitincubator.in | J80: tbi@kiitincubator.in | K80: +91 82494 71927; +91 82490 28648 | L80: https://kiitincubator.in/contact-us/ | M80: https://kiitincubator.in/contact-us/ | N80: A | O80: Deep-tech commercialization, AI/product strategy, enterprise partnerships, startup mentoring. | P80: External Advisor / Mentor – AI, Product & India–Europe Market Access | KIIT Technology Business Incubator (KIIT-TBI) | Q80: Write to the named contact and TBI inbox requesting External Advisor / Mentor panel consideration. | R80: Named contact + email | S80: 46291 | T80: Already contacted | V80: Already emailed in earlier batch (same address)
A81: 80 | B81: Odisha | C81: Rourkela | D81: Engineering / Technology University | E81: NIT Rourkela | F81: Foundation for Technology & Business Incubation (FTBI) | G81: Chiranjibi Samal | H81: CEO / FTBI leadership | I81: samalc-ftbi@nitrkl.ac.in | J81: ftbi@nitrkl.ac.in | K81: +91 661 2462230 / 2231 | L81: https://www.ftbi-nitrkl.org/team-ftbi | M81: https://www.ftbi-nitrkl.org/team-ftbi | N81: A | O81: AI/cloud, tech commercialization, startup governance, enterprise partnerships, mentoring. | P81: External Advisor / Mentor – AI, Product & India–Europe Market Access | Foundation for Technology & Business Incubation (FTBI) | Q81: Write directly to FTBI leadership proposing AI/product, enterprise GTM and startup governance mentoring. | R81: Named contact + email | S81: 46291 | T81: Already contacted | V81: Already emailed in earlier batch (same address)
A82: 81 | B82: Odisha | C82: Bhubaneswar | D82: State / UT Government Startup Mission | E82: Startup Odisha | F82: O-Hub / State Startup Mission | G82: Rasmita Panda, IAS | H82: Chief Executive Officer, Startup Odisha | I82: startup.odisha@gov.in | J82: startupodisha.gov@startupodisha.org.in | K82: 1800-345-7100 | L82: https://ohub.odisha.gov.in/ | M82: https://ohub.odisha.gov.in/ | N82: A | O82: Mentor/advisor contribution to state startup programs, founder capacity building, AI adoption, international ecosystem connections. | P82: External Advisor / Mentor Support for O-Hub / State Startup Mission | Q82: Email the state startup / innovation team with a concise advisor profile and offer specific mentor contributions. | R82: Named contact + email | S82: 46291 | T82: Sent | U82: 46291 | V82: Government / state ecosystem target
A83: 82 | B83: Puducherry | C83: Puducherry | D83: Accelerator / Incubator | E83: AIC-PEC Foundation | F83: Atal Incubation Centre – PEC Foundation | G83: V. Vishnu Varadan | H83: Chief Executive Officer | I83: ceo@aicpecf.org | K83: +91 8903467223 | L83: https://www.aicpecf.org/ | M83: https://www.aicpecf.org/ | N83: A | O83: Startup mentoring, product/GTM, AI adoption, enterprise connects, international ecosystem access. | P83: External Advisor / Mentor – AI, Product & India–Europe Startup Ecosystem | Atal Incubation Centre – PEC Foundation | Q83: Write directly to the named contact or functional incubation inbox; offer specific advisor/mentor contribution rather than asking for a job. | R83: Named contact + email | S83: 46291 | T83: Sent | U83: 46291 | V83: Additional high-value target
A84: 83 | B84: Puducherry | C84: Puducherry | D84: Accelerator / Incubator | E84: Pondicherry University | F84: ASPIRE – Livelihood Business Incubator (LBI) | G84: Dr. P. G. Arul | H84: Coordinator | I84: pgarul.ibm@pondiuni.edu.in | K84: +91 413 2654733 | L84: https://www.pondiuni.edu.in/department/pondicherry-university-aspire-livelihood-business-incubator-lbi/ | M84: https://www.pondiuni.edu.in/department/pondicherry-university-aspire-livelihood-business-incubator-lbi/ | N84: B | O84: Digital business, AI enablement, entrepreneurship mentoring, business models, market linkage. | P84: External Advisor / Mentor – AI, Product & India–Europe Market Access | ASPIRE | Q84: Write directly to the Coordinator; offer business-model, digital enablement, entrepreneurship and market-access mentoring. | R84: Named contact + email | S84: 46291 | T84: Sent | U84: 46291
A85: 84 | B85: Puducherry | C85: Puducherry | D85: State / UT Government Startup Mission | E85: Department of Industries & Commerce, Puducherry | F85: Puducherry Startup Cell | G85: Puducherry Startup Cell Team | H85: UT startup nodal agency | K85: 0413-2248168 | L85: https://www.startupindia.gov.in/content/sih/en/startup-scheme/state-startup-policies/Puducherry-state-policy.html | M85: https://www.startupindia.gov.in/content/sih/en/startup-scheme/state-startup-policies/Puducherry-state-policy.html | N85: B | O85: Mentor/advisor contribution to state startup programs, founder capacity building, AI adoption, international ecosystem connections. | P85: External Advisor / Mentor Support for Puducherry Startup Cell | Q85: Email the state startup / innovation team with a concise advisor profile and offer specific mentor contributions. | R85: No public email verified | S85: 46291 | T85: Skipped | V85: No email in database
A86: 85 | B86: Punjab | C86: Rajpura | D86: Accelerator / Incubator | E86: Chitkara University | F86: Chitkara Innovation Incubator Foundation (CIIF) | G86: Dr. Archana Mantri | H86: CEO | I86: ciif@chitkara.edu.in | L86: https://chitkara.edu.in/ciif/team.php | M86: https://chitkara.edu.in/ciif/team.php | N86: A | O86: AI/product strategy, corporate innovation, entrepreneurship education, India–Europe market linkage. | P86: External Advisor / Mentor – AI, Product & India–Europe Market Access | Chitkara Innovation Incubator Foundation (CIIF) | Q86: Address the CEO; CIIF has an advisory-board structure, making a formal advisor proposition especially relevant. | R86: Named contact + email | S86: 46291 | T86: Already contacted | V86: Already emailed in earlier batch (same address)
A87: 86 | B87: Punjab | C87: Rupnagar | D87: Engineering / Technology University | E87: IIT Ropar | F87: iHub – AWaDH | G87: AWaDH Partnerships Team | H87: Partnerships / startups | I87: partnerships@ihub-awadh.in | J87: startups@ihub-awadh.in; contact.awadh@iitrpr.ac.in | K87: +91 1881 232601 | L87: https://ihub-awadh.in/contact-us/ | M87: https://ihub-awadh.in/contact-us/ | N87: A | O87: Deep-tech commercialization, AI/platforms, corporate partnerships, India–Europe ecosystem. | P87: External Advisor / Mentor – AI, Product & India–Europe Market Access | iHub | Q87: Lead with the partnerships email; propose cross-border enterprise connections plus AI/platform commercialization. | R87: Functional / office email | S87: 46291 | T87: Skipped | V87: Already emailed iHub AWaDH CEO
A88: 87 | B88: Punjab | C88: Patiala | D88: Engineering / Technology University | E88: Thapar Institute of Engineering & Technology | F88: Entrepreneurship Development Cell (EDC) | G88: Dr. M.D. Singh | H88: President, EDC | I88: edc@thapar.edu | J88: mdsingh@thapar.edu | L88: https://www.thapar.edu/students/pages/edc | M88: https://www.thapar.edu/students/pages/edc | N88: A | O88: AI/product strategy, enterprise technology, commercialization, corporate partnerships, India–Europe market access. | P88: External Advisor / Mentor – AI, Product & India–Europe Startup Ecosystem | Entrepreneurship Development Cell (EDC) | Q88: Write directly to the named contact or functional incubation inbox; offer specific advisor/mentor contribution rather than asking for a job. | R88: Named contact + email | S88: 46291 | T88: Sent | U88: 46291 | V88: Additional high-value target
A89: 88 | B89: Punjab | C89: Chandigarh | D89: State / UT Government Startup Mission | E89: Startup Punjab – Department of Industries & Commerce | F89: State Startup Mission | G89: Startup Punjab Team | H89: State startup nodal agency | I89: startup-pb@punjabinfotech.in | J89: pb@punjabinfotech.in | K89: +91 9988666952 | L89: https://www.startupindia.gov.in/content/sih/en/state-startup-policies/Punjab-state-policy.html | M89: https://www.startupindia.gov.in/content/sih/en/state-startup-policies/Punjab-state-policy.html | N89: A | O89: Mentor/advisor contribution to state startup programs, founder capacity building, AI adoption, international ecosystem connections. | P89: External Advisor / Mentor Support for State Startup Mission | Q89: Email the state startup / innovation team with a concise advisor profile and offer specific mentor contributions. | R89: Functional / office email | S89: 46291 | T89: Sent | U89: 46291 | V89: Government / state ecosystem target
A90: 89 | B90: Rajasthan | C90: Jaipur | D90: Accelerator / Incubator | E90: University of Rajasthan | F90: Entrepreneurship & Career Hub (ECH) | G90: ECH Team | H90: Entrepreneurship hub | I90: ech.uor@gmail.com | J90: echuor2020@gmail.com | K90: +91 90246 86600 | L90: https://www.uniraj.ac.in/ech/ | M90: https://www.uniraj.ac.in/ech/ | N90: B | O90: Entrepreneurship education, startup readiness, AI/product workshops, founder mentoring. | P90: External Advisor / Mentor – AI, Product & India–Europe Market Access | Entrepreneurship & Career Hub (ECH) | Q90: Email ECH proposing external mentoring, venture reviews and employability-to-entrepreneurship workshops. | R90: Functional / office email | S90: 46291 | T90: Sent | U90: 46291
A91: 90 | B91: Rajasthan | C91: Udaipur | D91: B-School | E91: IIM Udaipur | F91: IIM Udaipur Incubation Centre | G91: IIMU Incubation Centre Team | H91: Incubation office | I91: incubation@iimu.ac.in | L91: https://nidhieir.iimuic.org/wphash_ntf_bar/contact-us/ | M91: https://nidhieir.iimuic.org/wphash_ntf_bar/contact-us/ | N91: A | O91: Product/GTM, startup governance, enterprise sales, founder coaching, cross-border scale-up. | P91: External Advisor / Mentor – AI, Product & India–Europe Market Access | IIM Udaipur Incubation Centre | Q91: Request external advisor/mentor inclusion; position strongly around product, GTM, enterprise and Europe market access. | R91: Functional / office email | S91: 46291 | T91: Already contacted | V91: Already emailed in earlier batch (same address)
A92: 91 | B92: Rajasthan | C92: Jodhpur | D92: Engineering / Technology University | E92: IIT Jodhpur | F92: Technology Innovation & Startup Centre (TISC) | G92: TISC Team | H92: Incubation office | I92: ceo@tisc.iitj.ac.in | K92: +91 291 2802226 | L92: https://www.iitj.ac.in/tisc/en/contact | M92: https://www.iitj.ac.in/tisc/en/contact | N92: A | O92: AI/cloud/platform strategy, tech commercialization, enterprise partnerships, startup mentoring. | P92: External Advisor / Mentor – AI, Product & India–Europe Market Access | Technology Innovation & Startup Centre (TISC) | Q92: Write to the CEO inbox requesting advisor/mentor panel consideration and offer founder office hours. | R92: Functional / office email | S92: 46291 | T92: Sent | U92: 46291
A93: 92 | B93: Rajasthan | C93: Jaipur | D93: Engineering / Technology University | E93: MNIT Jaipur | F93: MNIT Innovation & Incubation Centre (MIIC) | G93: MIIC Team | H93: Incubation office | I93: miic@mnit.ac.in | K93: +91 98281 99938 | L93: https://miic.mnit.ac.in/resource/networking-and-collaboration | M93: https://miic.mnit.ac.in/resource/networking-and-collaboration | N93: A | O93: Technology entrepreneurship, AI/product strategy, commercialization, corporate links. | P93: External Advisor / Mentor – AI, Product & India–Europe Market Access | MNIT Innovation & Incubation Centre (MIIC) | Q93: Email MIIC with a direct external-advisor proposal focused on AI/product strategy and market access. | R93: Functional / office email | S93: 46291 | T93: Already contacted | V93: Already emailed in earlier batch (same address)
A94: 93 | B94: Rajasthan | C94: Jaipur | D94: State / UT Government Startup Mission | E94: iStart Rajasthan – DoIT&C | F94: State Startup Mission | G94: Tapan Kumar | H94: Technical Director / Nodal Officer | I94: startups.doit@rajasthan.gov.in | J94: helpdesk.istart@rajasthan.gov.in | K94: 0141-2921337 | L94: https://istart.rajasthan.gov.in/pages/contact | M94: https://istart.rajasthan.gov.in/pages/contact | N94: A | O94: Mentor/advisor contribution to state startup programs, founder capacity building, AI adoption, international ecosystem connections. | P94: External Advisor / Mentor Support for State Startup Mission | Q94: Email the state startup / innovation team with a concise advisor profile and offer specific mentor contributions. | R94: Named contact + email | S94: 46291 | T94: Sent | U94: 46291 | V94: Government / state ecosystem target
A95: 94 | B95: Sikkim | C95: Majitar | D95: Engineering / Technology University | E95: Sikkim Manipal Institute of Technology | F95: AIC-SMUTBI | G95: Dr. Tej Chingtham | H95: CEO | I95: ceo@smutbi.com | J95: contact@smutbi.com | K95: +91 359 2246622 | L95: https://www.smutbi.com/contact-us/ | M95: https://www.smutbi.com/contact-us/ | N95: A | O95: AI/product, technology commercialization, startup scaling, enterprise & Europe connections. | P95: External Advisor / Mentor – AI, Product & India–Europe Market Access | AIC-SMUTBI | Q95: Write to the CEO and copy general contact; offer external advisor support for technology commercialization and scaling. | R95: Named contact + email | S95: 46291 | T95: Already contacted | V95: Already emailed in earlier batch (same address)
A96: 95 | B96: Sikkim | C96: Gangtok | D96: State / UT Government Startup Mission | E96: Commerce & Industries Department, Government of Sikkim | F96: Chief Minister's Startup Scheme | G96: Sikkim Startup Team | H96: State startup nodal agency | I96: sikkimindustries@gmail.com | K96: 03592-206174 | L96: https://www.startupindia.gov.in/content/sih/en/state-startup-policies/Sikkim-state-policy.html | M96: https://www.startupindia.gov.in/content/sih/en/state-startup-policies/Sikkim-state-policy.html | N96: B | O96: Mentor/advisor contribution to state startup programs, founder capacity building, AI adoption, international ecosystem connections. | P96: External Advisor / Mentor Support for Chief Minister's Startup Scheme | Q96: Email the state startup / innovation team with a concise advisor profile and offer specific mentor contributions. | R96: Functional / office email | S96: 46291 | T96: Sent | U96: 46291 | V96: Government / state ecosystem target
A97: 96 | B97: Tamil Nadu | C97: Chennai | D97: Accelerator / Incubator | E97: Anna University | F97: Anna Incubator | G97: Anna Incubator Team | H97: Incubation office | I97: contact@annaincubator.org | K97: +91 44 22359227 | L97: https://annaincubator.org/contact/ | M97: https://annaincubator.org/contact/ | N97: A | O97: AI/cloud, product strategy, commercialization, entrepreneurship education, Europe connections. | P97: External Advisor / Mentor – AI, Product & India–Europe Market Access | Anna Incubator | Q97: Email the incubator requesting an external advisor/mentor role and offer AI/product + global market sessions. | R97: Functional / office email | S97: 46291 | T97: Skipped | V97: Anna University already emailed twice (TBI, CED)
A98: 97 | B98: Tamil Nadu | C98: Coimbatore | D98: Accelerator / Incubator | E98: Forge Innovation & Ventures | F98: Forge Accelerator / Industrial Innovation | G98: Forge Team | H98: Partnership / incubation team | I98: info@forge-iv.co | K98: +91 9443354312 | L98: https://www.forge-iv.co/contact-us/ | M98: https://www.forge-iv.co/contact-us/ | N98: A | O98: Startup mentoring, product/GTM, AI adoption, enterprise connects, international ecosystem access. | P98: External Advisor / Mentor – AI, Product & India–Europe Startup Ecosystem | Forge Accelerator / Industrial Innovation | Q98: Write directly to the named contact or functional incubation inbox; offer specific advisor/mentor contribution rather than asking for a job. | R98: Functional / office email | S98: 46291 | T98: Sent | U98: 46291 | V98: Additional high-value target
A99: 98 | B99: Tamil Nadu | C99: Chennai | D99: Accelerator / Incubator | E99: Villgro | F99: Social Enterprise Incubator | G99: Villgro Team | H99: Partnership / incubation team | I99: info@villgro.org | K99: +91 44 40057410 | L99: https://villgro.org/contact-us/ | M99: https://villgro.org/contact-us/ | N99: A | O99: Startup mentoring, product/GTM, AI adoption, enterprise connects, international ecosystem access. | P99: External Advisor / Mentor – AI, Product & India–Europe Startup Ecosystem | Social Enterprise Incubator | Q99: Write directly to the named contact or functional incubation inbox; offer specific advisor/mentor contribution rather than asking for a job. | R99: Functional / office email | S99: 46291 | T99: Sent | U99: 46291 | V99: Additional high-value target
A100: 99 | B100: Tamil Nadu | C100: Tiruchirappalli | D100: B-School | E100: IIM Tiruchirappalli | F100: Strategy & Entrepreneurship | G100: Chair, Strategy and Entrepreneurship | H100: Academic / entrepreneurship chair | I100: strategychair@iimtrichy.ac.in | K100: +91-431-2505077 | L100: https://www.iimtrichy.ac.in/en/contact-us | M100: https://www.iimtrichy.ac.in/en/contact-us | N100: A | O100: Founder mentoring, business model/GTM, enterprise readiness, AI adoption, India–Europe market access. | P100: External Advisor / Mentor – AI, Product & India–Europe Startup Ecosystem | Strategy & Entrepreneurship | Q100: Write directly to the named contact or functional incubation inbox; offer specific advisor/mentor contribution rather than asking for a job. | R100: Named contact + email | S100: 46291 | T100: Sent | U100: 46291 | V100: Additional high-value target
...

Sheet Engineering
A1: State / UT | B1: City | C1: Institution / Organisation | D1: Incubator / Program / Unit | E1: Contact Name | F1: Contact Role | G1: Primary Email | H1: CC / Alternate Email | I1: Phone | J1: Contact / Profile URL | K1: Official Source URL | L1: Priority | M1: Suggested Subject | N1: Best Entry Route | O1: Contact Quality | P1: Email Status | Q1: Notes
A2: Andhra Pradesh | B2: Sri City | C2: IIIT Sri City | D2: Gyan Circle Ventures | E2: Gyan Circle Ventures Team | F2: Incubation team | G2: gcv.manager@iiits.in | J2: https://msh.meity.gov.in/tide/incubatorslist | K2: https://msh.meity.gov.in/tide/incubatorslist | L2: A | M2: External Advisor / Mentor – AI, Product & India–Europe Market Access | Gyan Circle Ventures | N2: Email the incubation manager with a focused AI/platform + cross-border advisory proposition. | O2: Functional / office email | P2: Not Contacted
A3: Arunachal Pradesh | B3: Nirjuli | C3: NERIST | D3: Incubation & Entrepreneurship Cell (IEC) | E3: Prof. Ningrinla Marchang | F3: Coordinator, Incubation & Entrepreneurship Cell | G3: nm@nerist.ac.in | J3: https://nerist.ac.in/facilities/sric/incubation-entrepreneurship/ | K3: https://nerist.ac.in/facilities/sric/incubation-entrepreneurship/ | L3: B | M3: External Advisor / Mentor – AI, Product & India–Europe Market Access | Incubation & Entrepreneurship Cell (IEC) | N3: Write directly to the Coordinator requesting empanelment as an external advisor/mentor. | O3: Named contact + email | P3: Not Contacted
A4: Assam | B4: Guwahati | C4: IIT Guwahati | D4: Technology Incubation Centre (TIC) | E4: TIC Team | F4: Incubation office | G4: tic@iitg.ac.in | I4: +91 361 2583194 / 2583191 | J4: https://iitgtic.com/index_contacts | K4: https://iitgtic.com/index_contacts | L4: A | M4: External Advisor / Mentor – AI, Product & India–Europe Market Access | Technology Incubation Centre (TIC) | N4: Email TIC with an advisor profile and areas: AI, cloud, enterprise SaaS, Europe market access. | O4: Functional / office email | P4: Not Contacted
A5: Bihar | B5: Patna | C5: IIT Patna | D5: Incubation Centre IIT Patna | E5: Mr. Gopi Krishna Sakhinala | F5: Incubation contact | G5: iciitp@iitp.ac.in | I5: +91 79709 72747 | J5: https://iciitp.com/index.php/contact/ | K5: https://iciitp.com/index.php/contact/ | L5: A | M5: External Advisor / Mentor – AI, Product & India–Europe Market Access | Incubation Centre IIT Patna | N5: Email the centre and reference interest in external advisor / startup review panel roles. | O5: Named contact + email | P5: Not Contacted
A6: Bihar | B6: Patna | C6: NIT Patna | D6: Incubation Center NIT Patna | E6: Incubation Center Team | F6: Incubation office | G6: Incubation@nitp.ac.in | J6: https://incubationcenter.nitp.ac.in/ | K6: https://incubationcenter.nitp.ac.in/ | L6: B | M6: External Advisor / Mentor – AI, Product & India–Europe Market Access | Incubation Center NIT Patna | N6: Request an external mentor/advisor association and offer AI/product/GTM sessions for incubatees. | O6: Functional / office email | P6: Not Contacted
A7: Chhattisgarh | B7: Naya Raipur | C7: IIIT Naya Raipur | D7: Foundation for Technology & Business Incubation / Entrepreneurship | E7: Dr. Amit Agarwal | F7: Incubation contact | G7: amitag@iiitnr.edu.in | I7: +91 89541 67407 | J7: https://www.invest.cg.gov.in/startup | K7: https://www.invest.cg.gov.in/startup | L7: B | M7: External Advisor / Mentor – AI, Product & India–Europe Market Access | Foundation for Technology & Business Incubation / Entrepreneurship | N7: Write to Dr. Agarwal requesting consideration for external advisor/mentor pool. | O7: Named contact + email | P7: Not Contacted
A8: Chhattisgarh | B8: Bhilai | C8: IIT Bhilai | D8: IIT Bhilai Innovation & Technology Foundation (IBITF) | E8: Prof. Souradyuti Paul | F8: Incubation / innovation contact | G8: tih@iitbhilai.ac.in | I8: +91 99710 02706 | J8: https://www.invest.cg.gov.in/startup | K8: https://www.invest.cg.gov.in/startup | L8: A | M8: External Advisor / Mentor – AI, Product & India–Europe Market Access | IIT Bhilai Innovation & Technology Foundation (IBITF) | N8: Contact the innovation foundation and propose external advisory support for AI/digital ventures. | O8: Named contact + email | P8: Not Contacted
A9: Chhattisgarh | B9: Raipur | C9: NIT Raipur | D9: NIT Raipur Foundation for Innovation & Entrepreneurship (NITRRFIE) | E9: Medha Singh | F9: Incubation contact | G9: nitrrfie@nitrr.ac.in | I9: +91 94062 02248 | J9: https://www.invest.cg.gov.in/startup | K9: https://www.invest.cg.gov.in/startup | L9: B | M9: External Advisor / Mentor – AI, Product & India–Europe Market Access | NIT Raipur Foundation for Innovation & Entrepreneurship (NITRRFIE) | N9: Email the named contact with advisor CV and proposed monthly founder office hours. | O9: Named contact + email | P9: Not Contacted
A10: Delhi | B10: New Delhi | C10: IIIT Delhi | D10: IIIT Delhi Innovation & Incubation Center (IIITD-IC) | E10: IIITD Innovation & Incubation Center | F10: Incubation office | G10: info@iiitdic.in | J10: https://msh.meity.gov.in/tide/incubatorslist | K10: https://msh.meity.gov.in/tide/incubatorslist | L10: A | M10: External Advisor / Mentor – AI, Product & India–Europe Market Access | IIIT Delhi Innovation & Incubation Center (IIITD-IC) | N10: Email with a proposal to join the mentor/advisor network for AI/software ventures. | O10: Functional / office email | P10: Not Contacted
A11: Delhi | B11: New Delhi | C11: IIT Delhi | D11: FITT – Foundation for Innovation and Technology Transfer | E11: Dr. Ashutosh Pastor | F11: Vice President – Incubation | G11: AshutoshPastor@fitt-iitd.in | J11: https://fitt-iitd.in/web/fittteam | K11: https://fitt-iitd.in/web/fittteam | L11: A | M11: External Advisor / Mentor – AI, Product & India–Europe Market Access | FITT | N11: Write directly to VP Incubation; attach concise advisor bio and specify AI/cloud, enterprise GTM and India–Europe bridge. | O11: Named contact + email | P11: Not Contacted
A12: Delhi | B12: New Delhi | C12: Netaji Subhas University of Technology (NSUT) | D12: NSUT Incubation & Innovation Foundation | E12: NSUT-IIF Team | F12: Incubation foundation | G12: nsutiif@nsut.ac.in | H12: connect.nsutiif@nsut.ac.in | I12: +91 9205475058 | J12: https://nsutiif.in/contact | K12: https://nsutiif.in/contact | L12: A | M12: External Advisor / Mentor – AI, Product & India–Europe Startup Ecosystem | NSUT Incubation & Innovation Foundation | N12: Write directly to the named contact or functional incubation inbox; offer specific advisor/mentor contribution rather than asking for a job. | O12: Functional / office email | P12: Not Contacted | Q12: Additional high-value target
A13: Goa | B13: Zuarinagar | C13: BITS Pilani – Goa Campus | D13: CIIE / BGIIES | E13: Prof. Saroj Sundar Baral | F13: Faculty-in-Charge, CIIE | G13: ssbaral@goa.bits-pilani.ac.in | I13: +91 832 2580119 | J13: https://www.bits-pilani.ac.in/goa/ciie/ | K13: https://www.bits-pilani.ac.in/goa/ciie/ | L13: A | M13: External Advisor / Mentor – AI, Product & India–Europe Market Access | CIIE / BGIIES | N13: Write to the Faculty-in-Charge proposing advisory sessions, venture reviews and India–Europe startup connects. | O13: Named contact + email | P13: Not Contacted
A14: Gujarat | B14: Gandhinagar | C14: Pandit Deendayal Energy University (PDEU) | D14: PDEU Innovation & Incubation Centre | E14: Abhinav Kapadia | F14: CEO / Director | G14: iic@pdpu.ac.in | I14: +91 79 23275143 / 44; +91 97265 00903 | J14: https://iic.pdeu.ac.in/about/ | K14: https://iic.pdeu.ac.in/about/ | L14: A | M14: External Advisor / Mentor – AI, Product & India–Europe Market Access | PDEU Innovation & Incubation Centre | N14: Address the CEO/Director via the centre email and request external advisor/mentor empanelment. | O14: Named contact + email | P14: Not Contacted
A15: Himachal Pradesh | B15: Mandi | C15: IIT Mandi | D15: IIT Mandi Catalyst | E15: Anil Singh | F15: General Manager | G15: gm@iitmandicatalyst.in | J15: https://iitmandi.ac.in/directory | K15: https://iitmandi.ac.in/directory | L15: A | M15: External Advisor / Mentor – AI, Product & India–Europe Market Access | IIT Mandi Catalyst | N15: Write to the GM; optionally copy Faculty In-Charge Prof. Dipankar Deb (dipankar@iitmandi.ac.in). | O15: Named contact + email | P15: Not Contacted
A16: Jammu & Kashmir | B16: Awantipora | C16: Islamic University of Science & Technology (IUST) | D16: Centre for Innovation & Entrepreneurship Development (CIED) | E16: CIED IUST Team | F16: Incubation office | G16: cied@iust.ac.in | I16: +91 1933 453396 | J16: https://www.ciediust.in/ | K16: https://www.ciediust.in/ | L16: B | M16: External Advisor / Mentor – AI, Product & India–Europe Market Access | Centre for Innovation & Entrepreneurship Development (CIED) | N16: Request external advisor/mentor association, offering AI/product strategy and founder office hours. | O16: Functional / office email | P16: Not Contacted
A17: Jammu & Kashmir | B17: Srinagar | C17: NIT Srinagar | D17: Innovation, Incubation & Entrepreneurship Development Centre (IIEDC) | E17: Prof. Babar Ahmad | F17: Head, IIEDC | G17: babar@nitsri.ac.in | H17: iiedc@nitsri.ac.in | I17: +91 97977 57234 | J17: https://nitsri.ac.in/Pages/CentreList.aspx | K17: https://nitsri.ac.in/Pages/CentreList.aspx | L17: A | M17: External Advisor / Mentor – AI, Product & India–Europe Market Access | Innovation, Incubation & Entrepreneurship Development Centre (IIEDC) | N17: Write to the Head asking to join the centre’s external mentor/advisor network. | O17: Named contact + email | P17: Not Contacted
A18: Jharkhand | B18: Dhanbad | C18: IIT (ISM) Dhanbad | D18: Centre for Innovation, Incubation & Entrepreneurship (CIIE) | E18: CIIE IIT (ISM) Team | F18: Incubation office | G18: ciie@iitism.ac.in | I18: +91 326 2235870 | J18: https://ciie.iitism.ac.in/incubation.php | K18: https://ciie.iitism.ac.in/incubation.php | L18: A | M18: External Advisor / Mentor – AI, Product & India–Europe Market Access | Centre for Innovation, Incubation & Entrepreneurship (CIIE) | N18: Email CIIE with a tailored external advisor proposition for technology and enterprise ventures. | O18: Functional / office email | P18: Not Contacted
A19: Karnataka | B19: Bengaluru | C19: IIIT Bangalore | D19: IIIT-B Innovation Centre | E19: Innovation Centre Team | F19: Incubation office | G19: ceoinnovationcenter@iiitb.ac.in | I19: +91 80 41407777 | J19: https://ic.iiitb.ac.in/ | K19: https://ic.iiitb.ac.in/ | L19: A | M19: External Advisor / Mentor – AI, Product & India–Europe Market Access | IIIT-B Innovation Centre | N19: Write to the Innovation Centre CEO inbox requesting advisor/mentor panel consideration. | O19: Functional / office email | P19: Not Contacted
A20: Karnataka | B20: Manipal | C20: Manipal Academy of Higher Education | D20: Manipal University Technology Business Incubator (MUTBI) | E20: MUTBI Team | F20: Incubation office | G20: mutbi.mit@manipal.edu | I20: +91 820 2925051 | J20: https://www.manipal.edu/mu/important-links/innovation-entrepreneruship/mutbi.html | K20: https://www.manipal.edu/mu/important-links/innovation-entrepreneruship/mutbi.html | L20: A | M20: External Advisor / Mentor – AI, Product & India–Europe Market Access | Manipal University Technology Business Incubator (MUTBI) | N20: Email MUTBI seeking empanelment as an external technology/business advisor. | O20: Functional / office email | P20: Not Contacted
A21: Karnataka | B21: Surathkal | C21: NITK Surathkal | D21: Science & Technology Entrepreneurs’ Park (STEP) | E21: Dr. Subray R. Hegde | F21: Director In-Charge | G21: step@nitk.edu.in | I21: +91 87625 88011 | J21: https://step.nitk.ac.in/about.html | K21: https://step.nitk.ac.in/about.html | L21: A | M21: External Advisor / Mentor – AI, Product & India–Europe Market Access | Science & Technology Entrepreneurs’ Park (STEP) | N21: Write to Director In-Charge proposing startup reviews, AI/product mentoring and corporate-market linkage. | O21: Named contact + email | P21: Not Contacted
A22: Kerala | B22: Kollam / Coimbatore / Bengaluru | C22: Amrita Vishwa Vidyapeetham | D22: Amrita Technology Business Incubator (Amrita TBI) | E22: Amrita TBI Team | F22: Incubation office | G22: info@amritatbi.com | I22: +91 476 2805450; +91 70259 00047 | J22: https://www.amritatbi.com/incubation-apply.html | K22: https://www.amritatbi.com/incubation-apply.html | L22: A | M22: External Advisor / Mentor – AI, Product & India–Europe Market Access | Amrita Technology Business Incubator (Amrita TBI) | N22: Email with an advisor proposal covering AI/cloud, commercialization, founder mentoring and Europe market access. | O22: Functional / office email | P22: Not Contacted
A23: Kerala | B23: Kochi | C23: Cochin University of Science and Technology (CUSAT) | D23: CUSAT Technology Business Incubator | E23: Dr. Kailasnath M. | F23: Co-ordinator | G23: cusatechfoundation@cusat.ac.in | H23: tbi@cusat.ac.in | I23: +91 98950 25773 / 98950 14481 | J23: https://tbi.cusat.ac.in/ | K23: https://tbi.cusat.ac.in/ | L23: A | M23: External Advisor / Mentor – AI, Product & India–Europe Market Access | CUSAT Technology Business Incubator | N23: Write directly to the Co-ordinator with a one-page external advisor profile. | O23: Named contact + email | P23: Not Contacted
A24: Kerala | B24: Kochi | C24: IIITM-K / Kerala Digital University ecosystem | D24: Maker Village | E24: Maker Village Team | F24: Incubation office | G24: makervillage@iiitmk.ac.in | I24: +91 484 2976688 | J24: https://makervillage.in/contactus.php | K24: https://makervillage.in/contactus.php | L24: B | M24: External Advisor / Mentor – AI, Product & India–Europe Market Access | Maker Village | N24: Offer digital/AI/platform commercialization and enterprise partnership advice, complementing hardware expertise. | O24: Functional / office email | P24: Not Contacted
A25: Kerala | B25: Kozhikode | C25: NIT Calicut | D25: Technology Business Incubator (TBI) | E25: TBI NIT Calicut | F25: Incubation office | G25: tbi@nitc.ac.in | I25: +91 495 2286147 | J25: https://my.msme.gov.in/inc/HIList.aspx | K25: https://my.msme.gov.in/inc/HIList.aspx | L25: B | M25: External Advisor / Mentor – AI, Product & India–Europe Market Access | Technology Business Incubator (TBI) | N25: Email the TBI and request the current CEO/Coordinator for an external advisor discussion. | O25: Named contact + email | P25: Not Contacted
A26: Maharashtra | B26: Pune | C26: COEP Technological University | D26: Bhau Institute of Innovation, Entrepreneurship & Leadership | E26: Bhau Institute Team | F26: Incubation team | G26: manager.bhau@coeptech.ac.in | I26: +91 20 25507023 | J26: https://bhau.org/contact/ | K26: https://bhau.org/contact/ | L26: A | M26: External Advisor / Mentor – AI, Product & India–Europe Market Access | Bhau Institute of Innovation, Entrepreneurship & Leadership | N26: Email the manager with a targeted advisor proposition and offer founder office hours / pitch reviews. | O26: Functional / office email | P26: Not Contacted
A27: Maharashtra | B27: Mumbai | C27: IIT Bombay | D27: Society for Innovation and Entrepreneurship (SINE) | E27: SINE Team | F27: Partnership / incubation team | G27: sine@sineiitb.org | I27: +91 22 2576 7016 | J27: https://sineiitb.org/contact | K27: https://sineiitb.org/contact | L27: A | M27: External Advisor / Mentor – AI, Product & India–Europe Market Access | Society for Innovation and Entrepreneurship (SINE) | N27: Use SINE contact route with query category “For Partnership”; position as External Advisor/Mentor, not applicant. | O27: Functional / office email | P27: Not Contacted
A28: Maharashtra | B28: Pune | C28: Savitribai Phule Pune University | D28: Science and Technology Park | E28: Science & Technology Park Team | F28: Innovation / incubation office | G28: stp@scitechpark.org.in | I28: +91 20 25699206; +91 99600 00963 | J28: https://scitechpark.org.in/contact-us/ | K28: https://scitechpark.org.in/contact-us/ | L28: A | M28: External Advisor / Mentor – AI, Product & India–Europe Market Access | Science and Technology Park | N28: Approach as a technology commercialization and market-access advisor, with AI/cloud and corporate-network focus. | O28: Functional / office email | P28: Not Contacted
A29: Odisha | B29: Bhubaneswar | C29: IIT Bhubaneswar | D29: Research & Entrepreneurship Park (REP) | E29: REP Team | F29: Research / incubation office | G29: office.rep@iitbbs.ac.in | I29: +91 74400 12530 | J29: https://rep.iitbbs.ac.in/contact/ | K29: https://rep.iitbbs.ac.in/contact/ | L29: A | M29: External Advisor / Mentor – AI, Product & India–Europe Market Access | Research & Entrepreneurship Park (REP) | N29: Email REP to propose advisory support for research commercialization and technology startups. | O29: Functional / office email | P29: Not Contacted
A30: Odisha | B30: Bhubaneswar | C30: KIIT | D30: KIIT Technology Business Incubator (KIIT-TBI) | E30: Dr. Namrata Misra | F30: Incubation contact | G30: namrata@kiitincubator.in | H30: tbi@kiitincubator.in | I30: +91 82494 71927; +91 82490 28648 | J30: https://kiitincubator.in/contact-us/ | K30: https://kiitincubator.in/contact-us/ | L30: A | M30: External Advisor / Mentor – AI, Product & India–Europe Market Access | KIIT Technology Business Incubator (KIIT-TBI) | N30: Write to the named contact and TBI inbox requesting External Advisor / Mentor panel consideration. | O30: Named contact + email | P30: Not Contacted
A31: Odisha | B31: Rourkela | C31: NIT Rourkela | D31: Foundation for Technology & Business Incubation (FTBI) | E31: Chiranjibi Samal | F31: CEO / FTBI leadership | G31: samalc-ftbi@nitrkl.ac.in | H31: ftbi@nitrkl.ac.in | I31: +91 661 2462230 / 2231 | J31: https://www.ftbi-nitrkl.org/team-ftbi | K31: https://www.ftbi-nitrkl.org/team-ftbi | L31: A | M31: External Advisor / Mentor – AI, Product & India–Europe Market Access | Foundation for Technology & Business Incubation (FTBI) | N31: Write directly to FTBI leadership proposing AI/product, enterprise GTM and startup governance mentoring. | O31: Named contact + email | P31: Not Contacted
A32: Punjab | B32: Rupnagar | C32: IIT Ropar | D32: iHub – AWaDH | E32: AWaDH Partnerships Team | F32: Partnerships / startups | G32: partnerships@ihub-awadh.in | H32: startups@ihub-awadh.in; contact.awadh@iitrpr.ac.in | I32: +91 1881 232601 | J32: https://ihub-awadh.in/contact-us/ | K32: https://ihub-awadh.in/contact-us/ | L32: A | M32: External Advisor / Mentor – AI, Product & India–Europe Market Access | iHub | N32: Lead with the partnerships email; propose cross-border enterprise connections plus AI/platform commercialization. | O32: Functional / office email | P32: Not Contacted
A33: Punjab | B33: Patiala | C33: Thapar Institute of Engineering & Technology | D33: Entrepreneurship Development Cell (EDC) | E33: Dr. M.D. Singh | F33: President, EDC | G33: edc@thapar.edu | H33: mdsingh@thapar.edu | J33: https://www.thapar.edu/students/pages/edc | K33: https://www.thapar.edu/students/pages/edc | L33: A | M33: External Advisor / Mentor – AI, Product & India–Europe Startup Ecosystem | Entrepreneurship Development Cell (EDC) | N33: Write directly to the named contact or functional incubation inbox; offer specific advisor/mentor contribution rather than asking for a job. | O33: Named contact + email | P33: Not Contacted | Q33: Additional high-value target
A34: Rajasthan | B34: Jodhpur | C34: IIT Jodhpur | D34: Technology Innovation & Startup Centre (TISC) | E34: TISC Team | F34: Incubation office | G34: ceo@tisc.iitj.ac.in | I34: +91 291 2802226 | J34: https://www.iitj.ac.in/tisc/en/contact | K34: https://www.iitj.ac.in/tisc/en/contact | L34: A | M34: External Advisor / Mentor – AI, Product & India–Europe Market Access | Technology Innovation & Startup Centre (TISC) | N34: Write to the CEO inbox requesting advisor/mentor panel consideration and offer founder office hours. | O34: Functional / office email | P34: Not Contacted
A35: Rajasthan | B35: Jaipur | C35: MNIT Jaipur | D35: MNIT Innovation & Incubation Centre (MIIC) | E35: MIIC Team | F35: Incubation office | G35: miic@mnit.ac.in | I35: +91 98281 99938 | J35: https://miic.mnit.ac.in/resource/networking-and-collaboration | K35: https://miic.mnit.ac.in/resource/networking-and-collaboration | L35: A | M35: External Advisor / Mentor – AI, Product & India–Europe Market Access | MNIT Innovation & Incubation Centre (MIIC) | N35: Email MIIC with a direct external-advisor proposal focused on AI/product strategy and market access. | O35: Functional / office email | P35: Not Contacted
A36: Sikkim | B36: Majitar | C36: Sikkim Manipal Institute of Technology | D36: AIC-SMUTBI | E36: Dr. Tej Chingtham | F36: CEO | G36: ceo@smutbi.com | H36: contact@smutbi.com | I36: +91 359 2246622 | J36: https://www.smutbi.com/contact-us/ | K36: https://www.smutbi.com/contact-us/ | L36: A | M36: External Advisor / Mentor – AI, Product & India–Europe Market Access | AIC-SMUTBI | N36: Write to the CEO and copy general contact; offer external advisor support for technology commercialization and scaling. | O36: Named contact + email | P36: Not Contacted
A37: Tamil Nadu | B37: Chennai | C37: IIT Madras | D37: IIT Madras Incubation Cell | E37: IITM Incubation Cell Team | F37: Incubation office | G37: jaya@incubation.iitm.ac.in | J37: https://msh.meity.gov.in/tide/incubatorslist | K37: https://msh.meity.gov.in/tide/incubatorslist | L37: A | M37: External Advisor / Mentor – AI, Product & India–Europe Market Access | IIT Madras Incubation Cell | N37: Send a senior advisor proposition around enterprise tech, AI/cloud and India–Europe market access; mention mentoring/teaching background. | O37: Functional / office email | P37: Not Contacted
A38: Tamil Nadu | B38: Erode | C38: Kongu Engineering College | D38: Technology Business Incubator / Innovation & Entrepreneurship Forum | E38: Dr. Praveen Kumar Subramanian | F38: Convener, Innovation & Entrepreneurship Forum | G38: praveenkumar.mts@kongu.edu | H38: iickec@kongu.edu | I38: +91 95005 75414 / +91 63826 50340 | J38: https://kongu.ac.in/kongu.ac.in/ief.php | K38: https://kongu.ac.in/kongu.ac.in/ief.php | L38: A | M38: External Advisor / Mentor – AI, Product & India–Europe Market Access | Technology Business Incubator / Innovation & Entrepreneurship Forum | N38: Write directly to the Convener; propose mentor clinics, venture reviews and AI entrepreneurship sessions. | O38: Named contact + email | P38: Not Contacted
A39: Tamil Nadu | B39: Coimbatore | C39: PSG College of Technology | D39: PSG Science & Technology Entrepreneurial Park (PSG-STEP) | E39: D. Manikandan | F39: Incubation contact | G39: step@psgtech.edu | I39: +91 422 4363300 | J39: https://nidhi.dst.gov.in/incubator/ | K39: https://nidhi.dst.gov.in/incubator/ | L39: A | M39: External Advisor / Mentor – AI, Product & India–Europe Market Access | PSG Science & Technology Entrepreneurial Park (PSG-STEP) | N39: Write to PSG-STEP with external advisor CV and focus on AI/product commercialization and corporate-market linkage. | O39: Named contact + email | P39: Not Contacted
A40: Tamil Nadu | B40: Thanjavur | C40: SASTRA Deemed University | D40: FIRST – Technology Business Incubator | E40: Nirmal Narayanan | F40: Incubation contact | G40: first@sastra.ac.in | I40: +91 86087 00551 | J40: https://nidhi.dst.gov.in/incubator/ | K40: https://nidhi.dst.gov.in/incubator/ | L40: B | M40: External Advisor / Mentor – AI, Product & India–Europe Market Access | FIRST | N40: Email FIRST with a technology/business advisor proposition; offer AI/product and enterprise scaling sessions. | O40: Named contact + email | P40: Not Contacted
A41: Tamil Nadu | B41: Vellore | C41: VIT | D41: VIT Technology Business Incubator (VIT-TBI) | E41: Sudha Rajagopalan | F41: TBI Coordinator | G41: tbicoordinator@vit.ac.in | H41: vittbi@vit.ac.in | I41: +91 416 2202301 / 2202303 / 2243097 | J41: https://vittbi.com/ | K41: https://vittbi.com/ | L41: A | M41: External Advisor / Mentor – AI, Product & India–Europe Market Access | VIT Technology Business Incubator (VIT-TBI) | N41: Write to the TBI Coordinator with a targeted external-advisor pitch. | O41: Named contact + email | P41: Not Contacted
A42: Telangana | B42: Hyderabad | C42: IIIT Hyderabad | D42: CIE – Centre for Innovation & Entrepreneurship | E42: CIE Team | F42: Partnerships / incubation | G42: incubation@iiith.org | H42: incubation@iiit.ac.in | J42: https://cie.iiit.ac.in/connect/ | K42: https://cie.iiit.ac.in/connect/ | L42: A | M42: External Advisor / Mentor – AI, Product & India–Europe Market Access | CIE | N42: Email CIE to join mentor/advisor ecosystem; lead with AI/software, product architecture and enterprise GTM. | O42: Functional / office email | P42: Not Contacted
A43: Telangana | B43: Hyderabad | C43: IIT Hyderabad | D43: iTIC Incubator | E43: iTIC Team | F43: Incubation office | G43: contact@itic.iith.ac.in | I43: +91 83310 36155 | J43: https://itic.iith.ac.in/ | K43: https://itic.iith.ac.in/ | L43: A | M43: External Advisor / Mentor – AI, Product & India–Europe Market Access | iTIC Incubator | N43: Email iTIC with an external advisor/mentor proposal focused on AI/software, enterprise adoption and Europe scaling. | O43: Functional / office email | P43: Not Contacted
A44: Uttar Pradesh | B44: Varanasi | C44: IIT (BHU) Varanasi | D44: Joint Incubation Centre (JIC) | E44: Prof. Manoj Kumar Meshram | F44: Coordinator | G44: coordinator.jic@itbhu.ac.in | I44: +91 542 7165505 | J44: https://iitbhu.ac.in/cf/jic/people | K44: https://iitbhu.ac.in/cf/jic/people | L44: A | M44: External Advisor / Mentor – AI, Product & India–Europe Market Access | Joint Incubation Centre (JIC) | N44: Write directly to the Coordinator with technology-advisor profile and proposed founder review cadence. | O44: Named contact + email | P44: Not Contacted
A45: Uttar Pradesh | B45: Kanpur | C45: IIT Kanpur | D45: Startup Incubation & Innovation Centre (SIIC) | E45: SIIC Team | F45: Incubation office | G45: siic@iitk.ac.in | I45: +91 512 2597979 / 6797979 | J45: https://www.siicincubator.com/contact | K45: https://www.siicincubator.com/contact | L45: A | M45: External Advisor / Mentor – AI, Product & India–Europe Market Access | Startup Incubation & Innovation Centre (SIIC) | N45: Email SIIC requesting advisor/mentor panel consideration; attach one-page bio and 3 proposed contribution areas. | O45: Functional / office email | P45: Not Contacted
A46: Uttarakhand | B46: Roorkee | C46: IIT Roorkee | D46: TIDES Business Incubator | E46: TIDES Team | F46: Incubation / engagement team | G46: tides@iitr.ac.in | I46: +91 1332 285736 | J46: https://tides.iitr.ac.in/contact-us | K46: https://tides.iitr.ac.in/contact-us | L46: A | M46: External Advisor / Mentor – AI, Product & India–Europe Market Access | TIDES Business Incubator | N46: Use TIDES “Engage” route / contact form and specify interest in joining as mentor/advisor/partner. | O46: Functional / office email | P46: Not Contacted
A47: Uttarakhand | B47: Dehradun | C47: UPES | D47: Runway Incubator | E47: Mohit Nagpal | F47: Incubation Senior Manager | G47: contact@runwayincubator.com | H47: runway@upes.ac.in | I47: +91 80776 60434 | J47: https://www.runwayincubator.com/ | K47: https://www.runwayincubator.com/ | L47: A | M47: External Advisor / Mentor – AI, Product & India–Europe Market Access | Runway Incubator | N47: Write directly to the Incubation Senior Manager proposing external advisory support and founder office hours. | O47: Named contact + email | P47: Not Contacted
A48: West Bengal | B48: Howrah | C48: IIEST Shibpur | D48: Co-Innovation Centre (CiC) | E48: Tanmay Pal | F48: Co-Innovation Mentor | G48: tanmay@mechatronics.iiests.ac.in | I48: +91 9830764060 | J48: https://cic.iiests.ac.in/ | K48: https://cic.iiests.ac.in/ | L48: A | M48: External Advisor / Mentor – AI, Product & India–Europe Startup Ecosystem | Co-Innovation Centre (CiC) | N48: Write directly to the named contact or functional incubation inbox; offer specific advisor/mentor contribution rather than asking for a job. | O48: Named contact + email | P48: Not Contacted | Q48: Additional high-value target
A49: West Bengal | B49: Kharagpur | C49: IIT Kharagpur | D49: Science & Technology Entrepreneurs’ Park (STEP) | E49: STEP IIT Kharagpur | F49: Incubation office | G49: mdstep@hijli.iitkgp.ernet.in | H49: dbiswas@sric.iitkgp.ernet.in | J49: https://www.indiascienceandtechnology.gov.in/technologyincubators/science-and-technology-entrepreneurs-park-step-iit-kharagpur | K49: https://www.indiascienceandtechnology.gov.in/technologyincubators/science-and-technology-entrepreneurs-park-step-iit-kharagpur | L49: B | M49: External Advisor / Mentor – AI, Product & India–Europe Market Access | Science & Technology Entrepreneurs’ Park (STEP) | N49: Email STEP requesting the current advisor/mentor onboarding route; verify legacy ERNET addresses before sending. | O49: Named contact + email | P49: Not Contacted
A50: West Bengal | B50: Kolkata | C50: Jadavpur University | D50: Innovation & Startup / IIC | E50: IIC Jadavpur University Team | F50: Innovation Council | G50: iicju@jadavpuruniversity.in | H50: ecell@jadavpuruniversity.in | J50: https://juinnovationstartup.jdvu.ac.in/ | K50: https://juinnovationstartup.jdvu.ac.in/ | L50: A | M50: External Advisor / Mentor – AI, Product & India–Europe Startup Ecosystem | Innovation & Startup / IIC | N50: Write directly to the named contact or functional incubation inbox; offer specific advisor/mentor contribution rather than asking for a job. | O50: Functional / office email | P50: Not Contacted | Q50: Additional high-value target

Sheet B-Schools
A1: State / UT | B1: City | C1: Institution / Organisation | D1: Incubator / Program / Unit | E1: Contact Name | F1: Contact Role | G1: Primary Email | H1: CC / Alternate Email | I1: Phone | J1: Contact / Profile URL | K1: Official Source URL | L1: Priority | M1: Suggested Subject | N1: Best Entry Route | O1: Contact Quality | P1: Email Status | Q1: Notes
A2: Andhra Pradesh | B2: Visakhapatnam | C2: IIM Visakhapatnam | D2: FIELD – IIMV Foundation for Incubation Entrepreneurial Learning & Development | E2: FIELD Team | F2: Incubation team | G2: incubationcenter@iimv.ac.in | I2: +91 75693 09208 | J2: https://iimvfield.com/contact-us/ | K2: https://iimvfield.com/contact-us/ | L2: A | M2: External Advisor / Mentor – AI, Product & India–Europe Market Access | FIELD | N2: Email FIELD and request External Advisor / Mentor Panel consideration. | O2: Functional / office email | P2: Not Contacted
A3: Goa | B3: Sanquelim | C3: Goa Institute of Management | D3: Atal Incubation Centre – GIM Foundation (AIC-GIM) | E3: AIC-GIM Team | F3: Startup / incubation team | G3: startups@aicgim.in | I3: +91 832 2366700 | J3: https://aicgim.in/ | K3: https://aicgim.in/ | L3: A | M3: External Advisor / Mentor – AI, Product & India–Europe Market Access | Atal Incubation Centre | N3: Email the startup team requesting inclusion as an external advisor/mentor, especially for technology and scale-up cohorts. | O3: Functional / office email | P3: Not Contacted
A4: Gujarat | B4: Ahmedabad | C4: IIM Ahmedabad | D4: IIMA Ventures (formerly CIIE.CO) | E4: IIMA Ventures Team | F4: Venture support team | G4: ciie@iima.ac.in | I4: +91 79 7152 4835 | J4: https://www.indiascienceandtechnology.gov.in/organisationscentresofexcelle/centre-innovation-incubation-entrepreneurship-ciie | K4: https://www.indiascienceandtechnology.gov.in/organisationscentresofexcelle/centre-innovation-incubation-entrepreneurship-ciie | L4: A | M4: External Advisor / Mentor – AI, Product & India–Europe Market Access | IIMA Ventures (formerly CIIE.CO) | N4: Approach with a senior external-advisor proposition focused on enterprise tech, AI and cross-border market access. | O4: Functional / office email | P4: Not Contacted
A5: Haryana | B5: Rohtak | C5: IIM Rohtak | D5: Entrepreneurship Cell / Bizdome | E5: Entrepreneurship Cell Team | F5: E-Cell / Bizdome | G5: ecell@iimrohtak.ac.in | J5: https://iimrohtak.ac.in/students-clubs-and-committees.php | K5: https://iimrohtak.ac.in/students-clubs-and-committees.php | L5: A | M5: External Advisor / Mentor – AI, Product & India–Europe Startup Ecosystem | Entrepreneurship Cell / Bizdome | N5: Write directly to the named contact or functional incubation inbox; offer specific advisor/mentor contribution rather than asking for a job. | O5: Functional / office email | P5: Not Contacted | Q5: Additional high-value target
A6: Jammu & Kashmir | B6: Jammu | C6: IIM Jammu | D6: Foundation for Entrepreneurship Innovation & Skill Development / CIED | E6: Kannav Padha | F6: Incubation Manager | G6: manager.itbi@iimj.ac.in | J6: https://www.iimj.ac.in/directory.php | K6: https://www.iimj.ac.in/directory.php | L6: A | M6: External Advisor / Mentor – AI, Product & India–Europe Market Access | Foundation for Entrepreneurship Innovation & Skill Development / CIED | N6: Write directly to the Incubation Manager; offer a 6–12 month advisor/mentor-in-residence engagement. | O6: Named contact + email | P6: Not Contacted
A7: Jharkhand | B7: Jamshedpur | C7: XLRI | D7: XCEED / XCITE Incubator | E7: Prof. Sunil Kumar Sarangi | F7: CEO, XCEED | G7: xceed@xlri.ac.in | H7: xcite.office@xlri.ac.in | I7: +91 657 6653333 | J7: https://xceed.xlri.ac.in/contact-us | K7: https://xceed.xlri.ac.in/contact-us | L7: A | M7: External Advisor / Mentor – AI, Product & India–Europe Startup Ecosystem | XCEED / XCITE Incubator | N7: Write directly to the named contact or functional incubation inbox; offer specific advisor/mentor contribution rather than asking for a job. | O7: Named contact + email | P7: Not Contacted | Q7: Additional high-value target
A8: Karnataka | B8: Bengaluru | C8: IIM Bangalore | D8: NSRCEL | E8: NSRCEL Team | F8: Mentor / partner route | I8: +91 80 2699 3701 | J8: https://nsrcel.org/contact-us/ | K8: https://nsrcel.org/contact-us/ | L8: A | M8: External Advisor / Mentor – AI, Product & India–Europe Market Access | NSRCEL | N8: Use NSRCEL’s Contact Us form and select “Mentor” (or “Partner”) rather than sending a generic startup query. | O8: No public email verified | P8: Not Contacted
A9: Kerala | B9: Kozhikode / Kochi | C9: IIM Kozhikode | D9: IIMK LIVE | E9: IIMK LIVE Team | F9: Incubation office | G9: enquiry@iimklive.org | I9: +91 495 2809669 | J9: https://www.iimklive.org/ | K9: https://www.iimklive.org/ | L9: A | M9: External Advisor / Mentor – AI, Product & India–Europe Market Access | IIMK LIVE | N9: Email LIVE requesting inclusion as an external advisor/mentor for technology and scaling ventures. | O9: Functional / office email | P9: Not Contacted
A10: Madhya Pradesh | B10: Indore | C10: IIM Indore | D10: Startups & Small Business Facilitation | E10: Industry Interface Office | F10: Industry Interface Office | G10: IndustryInterface@iimidr.ac.in | H10: ecell@iimidr.ac.in | J10: https://iimidr.ac.in/about/industry-interface-office/startups-small-business-facilitation/ | K10: https://iimidr.ac.in/about/industry-interface-office/startups-small-business-facilitation/ | L10: A | M10: External Advisor / Mentor – AI, Product & India–Europe Startup Ecosystem | Startups & Small Business Facilitation | N10: Write directly to the named contact or functional incubation inbox; offer specific advisor/mentor contribution rather than asking for a job. | O10: Functional / office email | P10: Not Contacted | Q10: Additional high-value target
A11: Maharashtra | B11: Nagpur | C11: IIM Nagpur | D11: InFED – IIM Nagpur Foundation for Entrepreneurship Development | E11: InFED Team | F11: Incubation office | G11: infed@iimnagpur.ac.in | I11: +91 712 2870368 | J11: https://www.infed.in/ | K11: https://www.infed.in/ | L11: A | M11: External Advisor / Mentor – AI, Product & India–Europe Market Access | InFED | N11: Email InFED requesting empanelment as external advisor/mentor for startup cohorts. | O11: Functional / office email | P11: Not Contacted
A12: Meghalaya | B12: Shillong | C12: IIM Shillong | D12: Incubation & Enterprise Support Centre / IIM Shillong Foundation for Incubation and Entrepreneurship | E12: Chair – Incubation | F12: Chair / incubation office | G12: chair.incubation@iimshillong.ac.in | H12: incubation@iimshillong.ac.in | I12: +91 364 2308098 | J12: https://www.iimshillong.ac.in/contact/ | K12: https://www.iimshillong.ac.in/contact/ | L12: A | M12: External Advisor / Mentor – AI, Product & India–Europe Market Access | Incubation & Enterprise Support Centre / IIM Shillong Foundation for Incubation and Entrepreneurship | N12: Write to the Chair and incubator office with an external advisor proposition for technology and scale-up startups. | O12: Functional / office email | P12: Not Contacted
A13: Odisha | B13: Sambalpur | C13: IIM Sambalpur | D13: Innovation & Incubation Council / Entrepreneurship ecosystem | E13: IIC / Entrepreneurship Team | F13: Student / institute innovation contact | G13: iic.hrclub@iimsambalpur.ac.in | J13: https://iimsambalpur.ac.in/student-committees/ | K13: https://iimsambalpur.ac.in/student-committees/ | L13: C | M13: External Advisor / Mentor – AI, Product & India–Europe Market Access | Innovation & Incubation Council / Entrepreneurship ecosystem | N13: Pitch an external mentor/advisor role focused on entrepreneurship sessions and venture reviews; confirm formal incubator route first. | O13: Functional / office email | P13: Not Contacted
A14: Rajasthan | B14: Udaipur | C14: IIM Udaipur | D14: IIM Udaipur Incubation Centre | E14: IIMU Incubation Centre Team | F14: Incubation office | G14: incubation@iimu.ac.in | J14: https://nidhieir.iimuic.org/wphash_ntf_bar/contact-us/ | K14: https://nidhieir.iimuic.org/wphash_ntf_bar/contact-us/ | L14: A | M14: External Advisor / Mentor – AI, Product & India–Europe Market Access | IIM Udaipur Incubation Centre | N14: Request external advisor/mentor inclusion; position strongly around product, GTM, enterprise and Europe market access. | O14: Functional / office email | P14: Not Contacted
A15: Tamil Nadu | B15: Tiruchirappalli | C15: IIM Tiruchirappalli | D15: Strategy & Entrepreneurship | E15: Chair, Strategy and Entrepreneurship | F15: Academic / entrepreneurship chair | G15: strategychair@iimtrichy.ac.in | I15: +91-431-2505077 | J15: https://www.iimtrichy.ac.in/en/contact-us | K15: https://www.iimtrichy.ac.in/en/contact-us | L15: A | M15: External Advisor / Mentor – AI, Product & India–Europe Startup Ecosystem | Strategy & Entrepreneurship | N15: Write directly to the named contact or functional incubation inbox; offer specific advisor/mentor contribution rather than asking for a job. | O15: Named contact + email | P15: Not Contacted | Q15: Additional high-value target
A16: Telangana | B16: Hyderabad | C16: Indian School of Business (ISB) | D16: I-Venture / DLabs | E16: I-Venture Team | F16: Entrepreneurship & incubation | G16: i-venture@isb.edu | I16: +91-8977011810 | J16: https://i-venture.org/connect/ | K16: https://i-venture.org/connect/ | L16: A | M16: External Advisor / Mentor – AI, Product & India–Europe Startup Ecosystem | I-Venture / DLabs | N16: Write directly to the named contact or functional incubation inbox; offer specific advisor/mentor contribution rather than asking for a job. | O16: Functional / office email | P16: Not Contacted | Q16: Additional high-value target
A17: Uttar Pradesh | B17: Noida / Lucknow | C17: IIM Lucknow | D17: IIM Lucknow Enterprise Incubation Centre (IIML-EIC) | E17: Prof. Ashish Dubey | F17: Faculty In-Charge | G17: incubator@iiml.ac.in | I17: +91 120 6678511 | J17: https://www.iimleic.com/about-us | K17: https://www.iimleic.com/about-us | L17: A | M17: External Advisor / Mentor – AI, Product & India–Europe Market Access | IIM Lucknow Enterprise Incubation Centre (IIML-EIC) | N17: Address the Faculty In-Charge via the incubator inbox and propose advisor/mentor-in-residence support. | O17: Named contact + email | P17: Not Contacted
A18: Uttarakhand | B18: Kashipur | C18: IIM Kashipur | D18: Foundation for Innovation & Entrepreneurship Development (FIED) | E18: FIED Team | F18: Incubation team | G18: fied@iimkashipur.ac.in | H18: fied.ceo@iimkashipur.ac.in | I18: +91 7088270882 | J18: https://fied.in/ | K18: https://fied.in/ | L18: A | M18: External Advisor / Mentor – AI, Product & India–Europe Startup Ecosystem | Foundation for Innovation & Entrepreneurship Development (FIED) | N18: Write directly to the named contact or functional incubation inbox; offer specific advisor/mentor contribution rather than asking for a job. | O18: Functional / office email | P18: Not Contacted | Q18: Additional high-value target
A19: West Bengal | B19: Kolkata | C19: IIM Calcutta | D19: IIM Calcutta Innovation Park (IIMCIP) | E19: IIMCIP Team | F19: Incubation / mentoring | G19: contact@iimcip.org | J19: https://www.iimcal.ac.in/faculty/centers-of-excellence/centre-for-entrepreneurship-innovation/contact-us | K19: https://www.iimcal.ac.in/faculty/centers-of-excellence/centre-for-entrepreneurship-innovation/contact-us | L19: A | M19: External Advisor / Mentor – AI, Product & India–Europe Market Access | IIM Calcutta Innovation Park (IIMCIP) | N19: Email IIMCIP for mentoring/advisory collaboration; ask to be routed to the relevant portfolio/mentor lead. | O19: Functional / office email | P19: Not Contacted

Sheet Accelerators
A1: State / UT | B1: City | C1: Institution / Organisation | D1: Incubator / Program / Unit | E1: Contact Name | F1: Contact Role | G1: Primary Email | H1: CC / Alternate Email | I1: Phone | J1: Contact / Profile URL | K1: Official Source URL | L1: Priority | M1: Suggested Subject | N1: Best Entry Route | O1: Contact Quality | P1: Email Status | Q1: Notes
A2: Assam | B2: Tezpur | C2: Tezpur University | D2: Centre for Innovation Incubation and Entrepreneurship (CIIE) | E2: Dr. M. K. Hazarika | F2: Head, CIIE | G2: headciie@tezu.ernet.in | H2: mkhazarika@tezu.ernet.in | J2: https://www.tezu.ac.in/contact/edc.html | K2: https://www.tezu.ac.in/contact/edc.html | L2: B | M2: External Advisor / Mentor – AI, Product & India–Europe Market Access | Centre for Innovation Incubation and Entrepreneurship (CIIE) | N2: Write to the Head with a one-page advisor profile and proposed quarterly mentoring format. | O2: Named contact + email | P2: Not Contacted
A3: Bihar | B3: Patna | C3: B-HUB | D3: CIMP Business Incubation & Innovation Foundation Hub | E3: B-HUB Team | F3: Incubation / co-learning hub | G3: enquiry@bhub.org.in | I3: +91 9128712345 | J3: https://www.bhub.org.in/contact-us/ | K3: https://www.bhub.org.in/contact-us/ | L3: A | M3: External Advisor / Mentor – AI, Product & India–Europe Startup Ecosystem | CIMP Business Incubation & Innovation Foundation Hub | N3: Write directly to the named contact or functional incubation inbox; offer specific advisor/mentor contribution rather than asking for a job. | O3: Functional / office email | P3: Not Contacted | Q3: Additional high-value target
A4: Gujarat | B4: Ahmedabad | C4: Gujarat University | D4: Gujarat University Startup & Entrepreneurship Council (GUSEC) | E4: GUSEC Partnerships Team | F4: Partnerships / incubation | G4: partnerships@gusec.edu.in | H4: contact@gusec.edu.in | J4: https://gusec.edu.in/contact/ | K4: https://gusec.edu.in/contact/ | L4: A | M4: External Advisor / Mentor – AI, Product & India–Europe Market Access | Gujarat University Startup & Entrepreneurship Council (GUSEC) | N4: Use the partnerships inbox rather than a generic startup application; propose a Germany–India ecosystem bridge plus AI/product mentoring. | O4: Functional / office email | P4: Not Contacted
A5: Gujarat | B5: Ahmedabad | C5: i-Hub Gujarat | D5: Government of Gujarat Innovation Hub | E5: Hiranmay Mahanta | F5: CEO | G5: ceo@ihubgujarat.in | H5: partnership@ihubgujarat.in | I5: +91 9825013774 | J5: https://ihubgujarat.in/our-team | K5: https://ihubgujarat.in/our-team | L5: A | M5: External Advisor / Mentor – AI, Product & India–Europe Startup Ecosystem | Government of Gujarat Innovation Hub | N5: Write directly to the named contact or functional incubation inbox; offer specific advisor/mentor contribution rather than asking for a job. | O5: Named contact + email | P5: Not Contacted | Q5: Additional high-value target
A6: Haryana | B6: Sonipat | C6: Ashoka University | D6: InfoEdge Centre for Entrepreneurship | E6: Priyank Narayan | F6: Founding Director | G6: entrepreneurship@ashoka.edu.in | J6: https://www.ashoka.edu.in/page/cfe/ | K6: https://www.ashoka.edu.in/page/cfe/ | L6: A | M6: External Advisor / Mentor – AI, Product & India–Europe Market Access | InfoEdge Centre for Entrepreneurship | N6: Write to the centre referencing the Founding Director and offer mentoring, venture reviews and international ecosystem connections. | O6: Named contact + email | P6: Not Contacted
A7: Haryana | B7: Mahendragarh | C7: Central University of Haryana | D7: Centre for Innovation & Incubation | E7: Centre for Innovation & Incubation | F7: Centre office | G7: ssunita@cuh.ac.in | I7: +91 1285 260225 | J7: https://www.cuh.ac.in/ciifcl.aspx | K7: https://www.cuh.ac.in/ciifcl.aspx | L7: B | M7: External Advisor / Mentor – AI, Product & India–Europe Market Access | Centre for Innovation & Incubation | N7: Email the centre with an external mentor/advisor proposal and offer structured monthly startup clinics. | O7: Functional / office email | P7: Not Contacted
A8: Jammu & Kashmir | B8: Jammu | C8: University of Jammu | D8: Business Incubation & Innovation Centre | E8: Dr. Harish Chander Dutt | F8: Coordinator | G8: helpdesk@jammuuniversity.ac.in | J8: https://jammuuniversity.ac.in/Isk/incubation-innovation-centre | K8: https://jammuuniversity.ac.in/Isk/incubation-innovation-centre | L8: C | M8: External Advisor / Mentor – AI, Product & India–Europe Market Access | Business Incubation & Innovation Centre | N8: Use the centre page and university helpdesk to request the Coordinator’s current direct contact before sending the advisor pitch. | O8: Named contact + email | P8: Not Contacted
A9: Jammu & Kashmir | B9: Srinagar | C9: University of Kashmir | D9: Centre for Innovation, Incubation & Entrepreneurship (CIIE) | E9: Dr. Bilal Ahmad Malik | F9: Coordinator | G9: bilalmalik@kashmiruniversity.ac.in | H9: ciie@uok.edu.in | I9: +91 91495 11050 | J9: https://ciie.uok.edu.in/Main/ContactUs.aspx | K9: https://ciie.uok.edu.in/Main/ContactUs.aspx | L9: A | M9: External Advisor / Mentor – AI, Product & India–Europe Market Access | Centre for Innovation, Incubation & Entrepreneurship (CIIE) | N9: Email the Coordinator with specific offerings: venture review, AI/product strategy, Europe market access. | O9: Named contact + email | P9: Not Contacted
A10: Karnataka | B10: Bengaluru | C10: C-CAMP | D10: Centre for Cellular and Molecular Platforms | E10: Dr. Taslimarif Saiyed | F10: CEO & Director | G10: taslim@ccamp.res.in | H10: ccamp@ccamp.res.in | I10: +91 80 67185100 | J10: https://www.indiascienceandtechnology.gov.in/hi/node/124855 | K10: https://www.indiascienceandtechnology.gov.in/hi/node/124855 | L10: A | M10: External Advisor / Mentor – AI, Product & India–Europe Startup Ecosystem | Centre for Cellular and Molecular Platforms | N10: Write directly to the named contact or functional incubation inbox; offer specific advisor/mentor contribution rather than asking for a job. | O10: Named contact + email | P10: Not Contacted | Q10: Additional high-value target
A11: Karnataka | B11: Bengaluru | C11: CHRIST (Deemed to be University) | D11: Incubation and Entrepreneurship Support Cell (C-IESC) | E11: C-IESC Team | F11: Incubation office | G11: incubation.cell@christuniversity.in | J11: https://christuniversity.in/center/C/C-IESC/apply-online | K11: https://christuniversity.in/center/C/C-IESC/apply-online | L11: B | M11: External Advisor / Mentor – AI, Product & India–Europe Market Access | Incubation and Entrepreneurship Support Cell (C-IESC) | N11: Email the cell offering mentor sessions, venture reviews and entrepreneurship/AI workshops. | O11: Functional / office email | P11: Not Contacted
A12: Karnataka | B12: Bengaluru | C12: Dayananda Sagar Institutions | D12: DERBI Foundation | E12: DERBI Foundation Team | F12: Incubation office | G12: adminmanager@derbifoundation.com | J12: https://msh.meity.gov.in/tide/incubatorslist | K12: https://msh.meity.gov.in/tide/incubatorslist | L12: B | M12: External Advisor / Mentor – AI, Product & India–Europe Market Access | DERBI Foundation | N12: Email the admin/incubation manager with advisor profile and AI/enterprise-tech focus. | O12: Functional / office email | P12: Not Contacted
A13: Karnataka | B13: Bengaluru | C13: Indian Institute of Science (IISc) | D13: Society for Innovation and Development (SID / FSID) | E13: SID / FSID Team | F13: Innovation & incubation office | G13: office@sid.iisc.ernet.in | J13: https://www.indiascienceandtechnology.gov.in/technologyincubators/society-innovation-development-sid | K13: https://www.indiascienceandtechnology.gov.in/technologyincubators/society-innovation-development-sid | L13: A | M13: External Advisor / Mentor – AI, Product & India–Europe Market Access | Society for Innovation and Development (SID / FSID) | N13: Email SID with an advisory proposition focused on commercialization and enterprise adoption, not scientific domain advice. | O13: Functional / office email | P13: Not Contacted
A14: Karnataka | B14: Bengaluru | C14: JAIN (Deemed-to-be University) | D14: Chenraj Roychand Centre for Entrepreneurship (CUBEC) | E14: CUBEC Team | F14: Entrepreneurship centre | G14: int.cubec@jainuniversity.ac.in | I14: +91 80 43430410 ext. 202 | J14: https://www.jainuniversity.ac.in/cubec/contact.php | K14: https://www.jainuniversity.ac.in/cubec/contact.php | L14: B | M14: External Advisor / Mentor – AI, Product & India–Europe Market Access | Chenraj Roychand Centre for Entrepreneurship (CUBEC) | N14: Approach CUBEC for an external advisor/mentor role and propose founder office hours plus Europe market sessions. | O14: Functional / office email | P14: Not Contacted
A15: Madhya Pradesh | B15: Bhopal | C15: Rabindranath Tagore University | D15: Atal Incubation Centre – RNTU (AIC-RNTU) | E15: AIC-RNTU Team | F15: Incubation team | G15: aic@rntu.ac.in | I15: +91 755 2700485 | J15: https://www.aicrntu.com/career | K15: https://www.aicrntu.com/career | L15: A | M15: External Advisor / Mentor – AI, Product & India–Europe Market Access | Atal Incubation Centre | N15: Email AIC-RNTU; their careers page also invites profiles for future opportunities, useful for an advisor proposal. | O15: Functional / office email | P15: Not Contacted
A16: Maharashtra | B16: Nashik | C16: Sandip University | D16: Sandip Technology Business Incubator | E16: Sandip TBI Team | F16: Incubation team | G16: manager@sandipincubator.org | J16: https://msh.meity.gov.in/tide/incubatorslist | K16: https://msh.meity.gov.in/tide/incubatorslist | L16: B | M16: External Advisor / Mentor – AI, Product & India–Europe Market Access | Sandip Technology Business Incubator | N16: Email the manager with AI/product/GTM advisory focus and offer virtual founder clinics. | O16: Functional / office email | P16: Not Contacted
A17: Maharashtra | B17: Pune | C17: Venture Center | D17: NCL Innovation Park Incubator | E17: Soma Chattopadhyay | F17: Manager – Incubator | G17: managerincubator@venturecenter.co.in | H17: reception@venturecenter.co.in | I17: +91 9172232211 | J17: https://nidhicoe.venturecenter.co.in/contact/ | K17: https://nidhicoe.venturecenter.co.in/contact/ | L17: A | M17: External Advisor / Mentor – AI, Product & India–Europe Startup Ecosystem | NCL Innovation Park Incubator | N17: Write directly to the named contact or functional incubation inbox; offer specific advisor/mentor contribution rather than asking for a job. | O17: Named contact + email | P17: Not Contacted | Q17: Additional high-value target
A18: Manipur | B18: Imphal | C18: Manipur University | D18: Incubation Centre / Start-ups & Entrepreneurship Cell | E18: Incubation / Entrepreneurship Cell | F18: University contact | G18: info@manipuruniv.ac.in | I18: +91 385 2435125 / 2435143 | J18: https://www.manipuruniv.ac.in/p/incubation-centre-start-ups-entrepreneurship-cell-2 | K18: https://www.manipuruniv.ac.in/p/incubation-centre-start-ups-entrepreneurship-cell-2 | L18: C | M18: External Advisor / Mentor – AI, Product & India–Europe Market Access | Incubation Centre / Start-ups & Entrepreneurship Cell | N18: Use the university contact to request the current incubation coordinator, then send advisor profile. | O18: Functional / office email | P18: Not Contacted
A19: Mizoram | B19: Aizawl | C19: Mizoram University | D19: BioNEST Incubator | E19: Dr. H. Lalhruaitluanga | F19: Coordinator | G19: mahruaia123@gmail.com | J19: https://mzu.edu.in/bionest-incubator/ | K19: https://mzu.edu.in/bionest-incubator/ | L19: C | M19: External Advisor / Mentor – AI, Product & India–Europe Market Access | BioNEST Incubator | N19: Offer commercialization, digital/AI platform, operations and market-access advisory—not scientific/clinical advice. | O19: Named contact + email | P19: Not Contacted
A20: Nagaland | B20: Kohima | C20: Nagaland University | D20: IIE-NEC Incubation Centre | E20: IIE-NEC Incubation Centre | F20: Centre office | J20: https://kohima.nagalanduniversity.ac.in/man_ic | K20: https://kohima.nagalanduniversity.ac.in/man_ic | L20: C | M20: External Advisor / Mentor – AI, Product & India–Europe Market Access | IIE-NEC Incubation Centre | N20: Use the centre page to identify/confirm the current coordinator, then send advisor profile through the university channel. | O20: No public email verified | P20: Not Contacted
A21: Puducherry | B21: Puducherry | C21: AIC-PEC Foundation | D21: Atal Incubation Centre – PEC Foundation | E21: V. Vishnu Varadan | F21: Chief Executive Officer | G21: ceo@aicpecf.org | I21: +91 8903467223 | J21: https://www.aicpecf.org/ | K21: https://www.aicpecf.org/ | L21: A | M21: External Advisor / Mentor – AI, Product & India–Europe Startup Ecosystem | Atal Incubation Centre – PEC Foundation | N21: Write directly to the named contact or functional incubation inbox; offer specific advisor/mentor contribution rather than asking for a job. | O21: Named contact + email | P21: Not Contacted | Q21: Additional high-value target
A22: Puducherry | B22: Puducherry | C22: Pondicherry University | D22: ASPIRE – Livelihood Business Incubator (LBI) | E22: Dr. P. G. Arul | F22: Coordinator | G22: pgarul.ibm@pondiuni.edu.in | I22: +91 413 2654733 | J22: https://www.pondiuni.edu.in/department/pondicherry-university-aspire-livelihood-business-incubator-lbi/ | K22: https://www.pondiuni.edu.in/department/pondicherry-university-aspire-livelihood-business-incubator-lbi/ | L22: B | M22: External Advisor / Mentor – AI, Product & India–Europe Market Access | ASPIRE | N22: Write directly to the Coordinator; offer business-model, digital enablement, entrepreneurship and market-access mentoring. | O22: Named contact + email | P22: Not Contacted
A23: Punjab | B23: Rajpura | C23: Chitkara University | D23: Chitkara Innovation Incubator Foundation (CIIF) | E23: Dr. Archana Mantri | F23: CEO | G23: ciif@chitkara.edu.in | J23: https://chitkara.edu.in/ciif/team.php | K23: https://chitkara.edu.in/ciif/team.php | L23: A | M23: External Advisor / Mentor – AI, Product & India–Europe Market Access | Chitkara Innovation Incubator Foundation (CIIF) | N23: Address the CEO; CIIF has an advisory-board structure, making a formal advisor proposition especially relevant. | O23: Named contact + email | P23: Not Contacted
A24: Rajasthan | B24: Jaipur | C24: University of Rajasthan | D24: Entrepreneurship & Career Hub (ECH) | E24: ECH Team | F24: Entrepreneurship hub | G24: ech.uor@gmail.com | H24: echuor2020@gmail.com | I24: +91 90246 86600 | J24: https://www.uniraj.ac.in/ech/ | K24: https://www.uniraj.ac.in/ech/ | L24: B | M24: External Advisor / Mentor – AI, Product & India–Europe Market Access | Entrepreneurship & Career Hub (ECH) | N24: Email ECH proposing external mentoring, venture reviews and employability-to-entrepreneurship workshops. | O24: Functional / office email | P24: Not Contacted
A25: Tamil Nadu | B25: Chennai | C25: Anna University | D25: Anna Incubator | E25: Anna Incubator Team | F25: Incubation office | G25: contact@annaincubator.org | I25: +91 44 22359227 | J25: https://annaincubator.org/contact/ | K25: https://annaincubator.org/contact/ | L25: A | M25: External Advisor / Mentor – AI, Product & India–Europe Market Access | Anna Incubator | N25: Email the incubator requesting an external advisor/mentor role and offer AI/product + global market sessions. | O25: Functional / office email | P25: Not Contacted
A26: Tamil Nadu | B26: Coimbatore | C26: Forge Innovation & Ventures | D26: Forge Accelerator / Industrial Innovation | E26: Forge Team | F26: Partnership / incubation team | G26: info@forge-iv.co | I26: +91 9443354312 | J26: https://www.forge-iv.co/contact-us/ | K26: https://www.forge-iv.co/contact-us/ | L26: A | M26: External Advisor / Mentor – AI, Product & India–Europe Startup Ecosystem | Forge Accelerator / Industrial Innovation | N26: Write directly to the named contact or functional incubation inbox; offer specific advisor/mentor contribution rather than asking for a job. | O26: Functional / office email | P26: Not Contacted | Q26: Additional high-value target
A27: Tamil Nadu | B27: Chennai | C27: Villgro | D27: Social Enterprise Incubator | E27: Villgro Team | F27: Partnership / incubation team | G27: info@villgro.org | I27: +91 44 40057410 | J27: https://villgro.org/contact-us/ | K27: https://villgro.org/contact-us/ | L27: A | M27: External Advisor / Mentor – AI, Product & India–Europe Startup Ecosystem | Social Enterprise Incubator | N27: Write directly to the named contact or functional incubation inbox; offer specific advisor/mentor contribution rather than asking for a job. | O27: Functional / office email | P27: Not Contacted | Q27: Additional high-value target
A28: Telangana | B28: Hyderabad | C28: DLabs Incubator, ISB Hyderabad | D28: DLabs | E28: Sai Teja Reddy | F28: Incubation contact | G28: saiteja_reddy@isbdlabs.org | I28: +91 9502292129 | J28: https://startup.telangana.gov.in/other-incubators/ | K28: https://startup.telangana.gov.in/other-incubators/ | L28: B | M28: External Advisor / Mentor – AI, Product & India–Europe Startup Ecosystem | DLabs | N28: Write directly to the named contact or functional incubation inbox; offer specific advisor/mentor contribution rather than asking for a job. | O28: Named contact + email | P28: Not Contacted | Q28: Additional high-value target
A29: Telangana | B29: Hyderabad | C29: T-Hub | D29: T-Hub Accelerator / Innovation Hub | E29: Kashika Dochania | F29: Associate – Leadership's Office | G29: kashika.dochania@t-hub.co | H29: leadership.office@t-hub.co | J29: https://startup.telangana.gov.in/incubators/ | K29: https://startup.telangana.gov.in/incubators/ | L29: A | M29: External Advisor / Mentor – AI, Product & India–Europe Startup Ecosystem | T-Hub Accelerator / Innovation Hub | N29: Write directly to the named contact or functional incubation inbox; offer specific advisor/mentor contribution rather than asking for a job. | O29: Named contact + email | P29: Not Contacted | Q29: Additional high-value target
A30: Telangana | B30: Hyderabad | C30: University of Hyderabad | D30: ASPIRE / BioNEST / innovation ecosystem | E30: ASPIRE Team | F30: Incubation office | G30: aspire@uohyd.ac.in | H30: uohbionest@uohyd.ac.in | I30: +91 40 29881897 / 1898 | J30: https://aspire.uohyd.ac.in/contact/ | K30: https://aspire.uohyd.ac.in/contact/ | L30: B | M30: External Advisor / Mentor – AI, Product & India–Europe Market Access | ASPIRE / BioNEST / innovation ecosystem | N30: Approach ASPIRE for cross-cutting technology/business advisory; for BioNEST, keep the pitch commercial/digital rather than scientific. | O30: Functional / office email | P30: Not Contacted
A31: Telangana | B31: Hyderabad | C31: WE Hub | D31: Women Entrepreneurship Hub | E31: Sita Pallacholla | F31: CEO | G31: info@wehub.org.in | I31: +91 9392184664 | J31: https://wehub.telangana.gov.in/about-us/ | K31: https://wehub.telangana.gov.in/about-us/ | L31: A | M31: External Advisor / Mentor – AI, Product & India–Europe Startup Ecosystem | Women Entrepreneurship Hub | N31: Write directly to the named contact or functional incubation inbox; offer specific advisor/mentor contribution rather than asking for a job. | O31: Named contact + email | P31: Not Contacted | Q31: Additional high-value target
A32: Tripura | B32: Agartala | C32: Tripura University | D32: Entrepreneurship Development Centre & Incubation Centre | E32: Prof. Salim Shah | F32: Coordinator / Centre Head | J32: https://tripurauniv.ac.in/site/index.php/en/edc-ic-home-en | K32: https://tripurauniv.ac.in/site/index.php/en/edc-ic-home-en | L32: C | M32: External Advisor / Mentor – AI, Product & India–Europe Market Access | Entrepreneurship Development Centre & Incubation Centre | N32: Use the official centre page to obtain/confirm the current direct email and then send a concise advisor proposal. | O32: No public email verified | P32: Not Contacted
A33: Uttar Pradesh | B33: Noida | C33: Amity University | D33: Amity Innovation Incubator | E33: Vijay Vir Singh | F33: Vice President / Authorized representative | G33: info@aii.amity.edu | I33: +91 120 4659000 / 4392243 | J33: https://www.amity.edu/aii/contactus.html | K33: https://www.amity.edu/aii/contactus.html | L33: A | M33: External Advisor / Mentor – AI, Product & India–Europe Market Access | Amity Innovation Incubator | N33: Address the incubator leadership and request advisor/mentor empanelment; emphasize corporate/enterprise technology plus cross-border ecosystem. | O33: Named contact + email | P33: Not Contacted
A34: Uttar Pradesh | B34: Varanasi | C34: Banaras Hindu University | D34: BioNEST – BHU | E34: Prof. Rajeshwar Prasad Sinha | F34: Coordinator / Director & CEO | G34: rpsinhabhu@gmail.com | J34: https://startinup.up.gov.in/recognized-incubators/ | K34: https://startinup.up.gov.in/recognized-incubators/ | L34: C | M34: External Advisor / Mentor – AI, Product & India–Europe Market Access | BioNEST | N34: Position only for commercialization, digital transformation, AI platform and market-access advisory—not scientific advice. | O34: Named contact + email | P34: Not Contacted

Sheet Govt Startup
A1: State / UT | B1: City | C1: Institution / Organisation | D1: Incubator / Program / Unit | E1: Contact Name | F1: Contact Role | G1: Primary Email | H1: CC / Alternate Email | I1: Phone | J1: Contact / Profile URL | K1: Official Source URL | L1: Priority | M1: Suggested Subject | N1: Best Entry Route | O1: Contact Quality | P1: Email Status | Q1: Notes
A2: Andhra Pradesh | B2: Visakhapatnam | C2: Andhra Pradesh Innovation Society | D2: AP Innovation & Startup Mission | E2: AP Innovation Society Team | F2: State startup nodal agency | G2: innovationsociety@ap.gov.in | I2: +91 7396603335 | J2: https://www.startupindia.gov.in/content/sih/en/state-startup-policies/Andhra-Pradesh-state-policy.html | K2: https://www.startupindia.gov.in/content/sih/en/state-startup-policies/Andhra-Pradesh-state-policy.html | L2: A | M2: External Advisor / Mentor Support for AP Innovation & Startup Mission | N2: Email the state startup / innovation team with a concise advisor profile and offer specific mentor contributions. | O2: Functional / office email | P2: Not Contacted | Q2: Government / state ecosystem target
A3: Arunachal Pradesh | B3: Itanagar | C3: Arunachal Pradesh Innovation and Investment Park (APIIP) | D3: State Startup Mission | E3: APIIP Startup Team | F3: State startup nodal agency | G3: arunachal.startups@gmail.com | I3: +91 94352 78774 | J3: https://www.startupindia.gov.in/content/sih/en/state-startup-policies/Arunachal-Pradesh-state-policy.html | K3: https://www.startupindia.gov.in/content/sih/en/state-startup-policies/Arunachal-Pradesh-state-policy.html | L3: B | M3: External Advisor / Mentor Support for State Startup Mission | N3: Email the state startup / innovation team with a concise advisor profile and offer specific mentor contributions. | O3: Functional / office email | P3: Not Contacted | Q3: Government / state ecosystem target
A4: Assam | B4: Guwahati | C4: Startup Assam | D4: The Nest / State Startup Mission | E4: Startup Assam Team | F4: State startup mission | G4: startupassam2018@gmail.com | H4: coo.assamstartup@iimcip.org | I4: 1800 345 3957 | J4: https://www.startupindia.gov.in/content/sih/en/state-startup-policies/Assam-state-policy.html | K4: https://www.startupindia.gov.in/content/sih/en/state-startup-policies/Assam-state-policy.html | L4: A | M4: External Advisor / Mentor Support for The Nest / State Startup Mission | N4: Email the state startup / innovation team with a concise advisor profile and offer specific mentor contributions. | O4: Functional / office email | P4: Not Contacted | Q4: Government / state ecosystem target
A5: Bihar | B5: Patna | C5: Startup Bihar – Department of Industries | D5: State Startup Mission | E5: Alok Ranjan Ghosh | F5: Director Industries | G5: startup-bihar@gov.in | H5: dir.ind-bih@nic.in | I5: 1800 345 6214 | J5: https://startup.bihar.gov.in/ | K5: https://startup.bihar.gov.in/ | L5: A | M5: External Advisor / Mentor Support for State Startup Mission | N5: Email the state startup / innovation team with a concise advisor profile and offer specific mentor contributions. | O5: Named contact + email | P5: Not Contacted | Q5: Government / state ecosystem target
A6: Chhattisgarh | B6: Raipur | C6: Startup Chhattisgarh – Directorate of Industries | D6: State Startup Mission | E6: Suman Dewangan | F6: Deputy Director – Startup | G6: startup.cg@gov.in | H6: invest-support@cg.gov.in | I6: 0771-3101500 | J6: https://www.invest.cg.gov.in/startup | K6: https://www.invest.cg.gov.in/startup | L6: A | M6: External Advisor / Mentor Support for State Startup Mission | N6: Email the state startup / innovation team with a concise advisor profile and offer specific mentor contributions. | O6: Named contact + email | P6: Not Contacted | Q6: Government / state ecosystem target
A7: Goa | B7: Panaji | C7: Startup Goa – Department of Information Technology | D7: Startup Promotion Cell | E7: Startup Promotion Cell Team | F7: State startup nodal agency | G7: spc-dit.goa@gov.in | I7: 1800-233-5060 | J7: https://www.startupindia.gov.in/content/sih/en/state-startup-policies/Goa-state-policy.html | K7: https://www.startupindia.gov.in/content/sih/en/state-startup-policies/Goa-state-policy.html | L7: B | M7: External Advisor / Mentor Support for Startup Promotion Cell | N7: Email the state startup / innovation team with a concise advisor profile and offer specific mentor contributions. | O7: Functional / office email | P7: Not Contacted | Q7: Government / state ecosystem target
A8: Gujarat | B8: Gandhinagar | C8: Industries Commissionerate, Government of Gujarat | D8: Startup Gujarat Cell | E8: Startup Gujarat Cell | F8: State startup nodal agency | G8: icstup@gujarat.gov.in | H8: startupgujaratcell@gmail.com | I8: 079-23252588 | J8: https://www.startupindia.gov.in/content/sih/en/state-startup-policies/Gujarat-state-policy.html | K8: https://www.startupindia.gov.in/content/sih/en/state-startup-policies/Gujarat-state-policy.html | L8: A | M8: External Advisor / Mentor Support for Startup Gujarat Cell | N8: Email the state startup / innovation team with a concise advisor profile and offer specific mentor contributions. | O8: Functional / office email | P8: Not Contacted | Q8: Government / state ecosystem target
A9: Haryana | B9: Chandigarh | C9: Startup Haryana – Industries & Commerce Department | D9: Startup Haryana Cell | E9: Rahul Bamel | F9: Deputy Director | G9: startupharyanacell@gmail.com | I9: +91 172-467-1337 | J9: https://startupharyana.gov.in/front/whos-n-who | K9: https://startupharyana.gov.in/front/whos-n-who | L9: A | M9: External Advisor / Mentor Support for Startup Haryana Cell | N9: Email the state startup / innovation team with a concise advisor profile and offer specific mentor contributions. | O9: Named contact + email | P9: Not Contacted | Q9: Government / state ecosystem target
A10: Himachal Pradesh | B10: Shimla | C10: Startup Himachal – Department of Industries | D10: Startup Himachal Cell | E10: Startup Himachal Cell Team | F10: State startup nodal agency | G10: startuphimachal@gmail.com | I10: 0177-2659735 | J10: https://www.startupindia.gov.in/content/sih/en/state-startup-policies/Himachal-Pradesh-state-policy.html | K10: https://www.startupindia.gov.in/content/sih/en/state-startup-policies/Himachal-Pradesh-state-policy.html | L10: B | M10: External Advisor / Mentor Support for Startup Himachal Cell | N10: Email the state startup / innovation team with a concise advisor profile and offer specific mentor contributions. | O10: Functional / office email | P10: Not Contacted | Q10: Government / state ecosystem target
A11: Jammu & Kashmir | B11: Pampore | C11: Jammu & Kashmir Entrepreneurship Development Institute (JKEDI) | D11: J&K Startup Mission | E11: JKEDI Startup / Incubation Team | F11: State/UT startup nodal agency | G11: jkediciibm@gmail.com | I11: 7006504038 | J11: https://www.startupindia.gov.in/content/sih/en/state-startup-policies/Jammu-and-Kashmir-state-policy.html | K11: https://www.startupindia.gov.in/content/sih/en/state-startup-policies/Jammu-and-Kashmir-state-policy.html | L11: A | M11: External Advisor / Mentor Support for J&K Startup Mission | N11: Email the state startup / innovation team with a concise advisor profile and offer specific mentor contributions. | O11: Functional / office email | P11: Not Contacted | Q11: Government / state ecosystem target
A12: Jharkhand | B12: Ranchi | C12: Startup Jharkhand – Department of IT & e-Governance | D12: State Startup Mission | E12: Startup Jharkhand Team | F12: State startup nodal agency | G12: it-secretary@jharkhand.gov.in | I12: 0651-2400001 | J12: https://www.startupindia.gov.in/content/sih/en/state-startup-policies/Jharkhand-state-policy.html | K12: https://www.startupindia.gov.in/content/sih/en/state-startup-policies/Jharkhand-state-policy.html | L12: B | M12: External Advisor / Mentor Support for State Startup Mission | N12: Email the state startup / innovation team with a concise advisor profile and offer specific mentor contributions. | O12: Functional / office email | P12: Not Contacted | Q12: Government / state ecosystem target
A13: Karnataka | B13: Bengaluru | C13: Karnataka Startup Cell – Department of Electronics, IT, BT & S&T | D13: State Startup Mission | E13: Karnataka Startup Cell | F13: State startup nodal agency | G13: startupcell@karnataka.gov.in | I13: +91-80-22231007 | J13: https://www.startupindia.gov.in/content/sih/en/state-startup-policies/Karnataka-state-policy.html | K13: https://www.startupindia.gov.in/content/sih/en/state-startup-policies/Karnataka-state-policy.html | L13: A | M13: External Advisor / Mentor Support for State Startup Mission | N13: Email the state startup / innovation team with a concise advisor profile and offer specific mentor contributions. | O13: Functional / office email | P13: Not Contacted | Q13: Government / state ecosystem target
A14: Kerala | B14: Thiruvananthapuram | C14: Kerala Startup Mission (KSUM) | D14: State Startup Mission / Accelerator | E14: Anoop Ambika | F14: Chief Executive Officer | G14: ceo@startupmission.in | H14: info@startupmission.in | I14: 0471-2700270 | J14: https://www.startupmission.kerala.gov.in/rti | K14: https://www.startupmission.kerala.gov.in/rti | L14: A | M14: External Advisor / Mentor Support for State Startup Mission / Accelerator | N14: Email the state startup / innovation team with a concise advisor profile and offer specific mentor contributions. | O14: Named contact + email | P14: Not Contacted | Q14: Government / state ecosystem target
A15: Madhya Pradesh | B15: Bhopal | C15: MP Startup Centre – Department of MSME | D15: State Startup Mission | E15: MP Startup Centre Team | F15: State startup nodal agency | G15: startup-centre@mp.gov.in | I15: 0755-3524017 | J15: https://www.startupindia.gov.in/content/sih/en/state-startup-policies/Madhya-Pradesh-state-policy.html | K15: https://www.startupindia.gov.in/content/sih/en/state-startup-policies/Madhya-Pradesh-state-policy.html | L15: A | M15: External Advisor / Mentor Support for State Startup Mission | N15: Email the state startup / innovation team with a concise advisor profile and offer specific mentor contributions. | O15: Functional / office email | P15: Not Contacted | Q15: Government / state ecosystem target
A16: Maharashtra | B16: Mumbai | C16: Maharashtra State Innovation Society (MSInS) | D16: State Startup / Innovation Mission | E16: Dr. Shrikant Patil | F16: Chief Executive Officer | G16: team@msins.in | I16: +91 22 3105 9000 | J16: https://msins.in/Aboutus | K16: https://msins.in/Aboutus | L16: A | M16: External Advisor / Mentor Support for State Startup / Innovation Mission | N16: Email the state startup / innovation team with a concise advisor profile and offer specific mentor contributions. | O16: Named contact + email | P16: Not Contacted | Q16: Government / state ecosystem target
A17: Manipur | B17: Imphal | C17: Startup Manipur – Planning Department | D17: State Startup Mission | E17: Startup Manipur Team | F17: State startup nodal agency | G17: contact@startupmanipur.in | I17: 1800 345 3831 | J17: https://startupmanipur.in/contact/ | K17: https://startupmanipur.in/contact/ | L17: B | M17: External Advisor / Mentor Support for State Startup Mission | N17: Email the state startup / innovation team with a concise advisor profile and offer specific mentor contributions. | O17: Functional / office email | P17: Not Contacted | Q17: Government / state ecosystem target
A18: Meghalaya | B18: Shillong | C18: PRIME Meghalaya | D18: State Entrepreneurship / Startup Mission | E18: PRIME Meghalaya Team | F18: State entrepreneurship mission | G18: info@primemeghalaya.com | H18: streamlet.prime@gmail.com | I18: +91 9077826559 | J18: https://primemeghalaya.com/admin-governance | K18: https://primemeghalaya.com/admin-governance | L18: A | M18: External Advisor / Mentor Support for State Entrepreneurship / Startup Mission | N18: Email the state startup / innovation team with a concise advisor profile and offer specific mentor contributions. | O18: Functional / office email | P18: Not Contacted | Q18: Government / state ecosystem target
A19: Mizoram | B19: Aizawl | C19: Entrepreneurship Development Centre, Government of Mizoram | D19: State Startup Mission | E19: EDC Mizoram Team | F19: State startup nodal agency | G19: edcmizoram@gmail.com | I19: 8132812349 | J19: https://www.startupindia.gov.in/content/sih/en/state-startup-policies/Mizoram-state-policy.html | K19: https://www.startupindia.gov.in/content/sih/en/state-startup-policies/Mizoram-state-policy.html | L19: B | M19: External Advisor / Mentor Support for State Startup Mission | N19: Email the state startup / innovation team with a concise advisor profile and offer specific mentor contributions. | O19: Functional / office email | P19: Not Contacted | Q19: Government / state ecosystem target
A20: Nagaland | B20: Kohima | C20: Startup Nagaland – Directorate of Industries & Commerce | D20: State Startup Mission | E20: Keneirienuo K. Theunuo | F20: Startup Nagaland Team Leader / Assistant Director (Tech) | G20: start.nagaland@gmail.com | H20: keneiken80@gmail.com | I20: +91 9856071150 | J20: https://www.startupnagaland.in/User-Contacts | K20: https://www.startupnagaland.in/User-Contacts | L20: A | M20: External Advisor / Mentor Support for State Startup Mission | N20: Email the state startup / innovation team with a concise advisor profile and offer specific mentor contributions. | O20: Named contact + email | P20: Not Contacted | Q20: Government / state ecosystem target
A21: Odisha | B21: Bhubaneswar | C21: Startup Odisha | D21: O-Hub / State Startup Mission | E21: Rasmita Panda, IAS | F21: Chief Executive Officer, Startup Odisha | G21: startup.odisha@gov.in | H21: startupodisha.gov@startupodisha.org.in | I21: 1800-345-7100 | J21: https://ohub.odisha.gov.in/ | K21: https://ohub.odisha.gov.in/ | L21: A | M21: External Advisor / Mentor Support for O-Hub / State Startup Mission | N21: Email the state startup / innovation team with a concise advisor profile and offer specific mentor contributions. | O21: Named contact + email | P21: Not Contacted | Q21: Government / state ecosystem target
A22: Puducherry | B22: Puducherry | C22: Department of Industries & Commerce, Puducherry | D22: Puducherry Startup Cell | E22: Puducherry Startup Cell Team | F22: UT startup nodal agency | I22: 0413-2248168 | J22: https://www.startupindia.gov.in/content/sih/en/startup-scheme/state-startup-policies/Puducherry-state-policy.html | K22: https://www.startupindia.gov.in/content/sih/en/startup-scheme/state-startup-policies/Puducherry-state-policy.html | L22: B | M22: External Advisor / Mentor Support for Puducherry Startup Cell | N22: Email the state startup / innovation team with a concise advisor profile and offer specific mentor contributions. | O22: No public email verified | P22: Not Contacted | Q22: No public startup-cell email verified on the source page; use the phone route or the AIC-PEC contact in this workbook.
A23: Punjab | B23: Chandigarh | C23: Startup Punjab – Department of Industries & Commerce | D23: State Startup Mission | E23: Startup Punjab Team | F23: State startup nodal agency | G23: startup-pb@punjabinfotech.in | H23: pb@punjabinfotech.in | I23: +91 9988666952 | J23: https://www.startupindia.gov.in/content/sih/en/state-startup-policies/Punjab-state-policy.html | K23: https://www.startupindia.gov.in/content/sih/en/state-startup-policies/Punjab-state-policy.html | L23: A | M23: External Advisor / Mentor Support for State Startup Mission | N23: Email the state startup / innovation team with a concise advisor profile and offer specific mentor contributions. | O23: Functional / office email | P23: Not Contacted | Q23: Government / state ecosystem target
A24: Rajasthan | B24: Jaipur | C24: iStart Rajasthan – DoIT&C | D24: State Startup Mission | E24: Tapan Kumar | F24: Technical Director / Nodal Officer | G24: startups.doit@rajasthan.gov.in | H24: helpdesk.istart@rajasthan.gov.in | I24: 0141-2921337 | J24: https://istart.rajasthan.gov.in/pages/contact | K24: https://istart.rajasthan.gov.in/pages/contact | L24: A | M24: External Advisor / Mentor Support for State Startup Mission | N24: Email the state startup / innovation team with a concise advisor profile and offer specific mentor contributions. | O24: Named contact + email | P24: Not Contacted | Q24: Government / state ecosystem target
A25: Sikkim | B25: Gangtok | C25: Commerce & Industries Department, Government of Sikkim | D25: Chief Minister's Startup Scheme | E25: Sikkim Startup Team | F25: State startup nodal agency | G25: sikkimindustries@gmail.com | I25: 03592-206174 | J25: https://www.startupindia.gov.in/content/sih/en/state-startup-policies/Sikkim-state-policy.html | K25: https://www.startupindia.gov.in/content/sih/en/state-startup-policies/Sikkim-state-policy.html | L25: B | M25: External Advisor / Mentor Support for Chief Minister's Startup Scheme | N25: Email the state startup / innovation team with a concise advisor profile and offer specific mentor contributions. | O25: Functional / office email | P25: Not Contacted | Q25: Government / state ecosystem target
A26: Tamil Nadu | B26: Chennai | C26: StartupTN – Tamil Nadu Startup and Innovation Mission | D26: MentorTN / State Startup Mission | E26: StartupTN MentorTN Team | F26: Mentor & incubation ecosystem team | G26: mentor@startuptn.in | H26: support@startuptn.in | I26: 044-22256789 | J26: https://startuptnmentors.com/support.php | K26: https://startuptnmentors.com/support.php | L26: A | M26: External Advisor / Mentor Support for MentorTN / State Startup Mission | N26: Email the state startup / innovation team with a concise advisor profile and offer specific mentor contributions. | O26: Functional / office email | P26: Not Contacted | Q26: Government / state ecosystem target
A27: Telangana | B27: Hyderabad | C27: Telangana Innovation Cell (TGIC) | D27: Startup Telangana | E27: Meraj Faheem | F27: CEO, Telangana Innovation Cell | G27: tsic@telangana.gov.in | H27: pr-tsic@telangana.gov.in | I27: +91 9100678543 | J27: https://startup.telangana.gov.in/nodal-team/ | K27: https://startup.telangana.gov.in/nodal-team/ | L27: A | M27: External Advisor / Mentor Support for Startup Telangana | N27: Email the state startup / innovation team with a concise advisor profile and offer specific mentor contributions. | O27: Named contact + email | P27: Not Contacted | Q27: Government / state ecosystem target
A28: Tripura | B28: Agartala | C28: Startup Tripura – Directorate of Information Technology | D28: State Startup Mission | E28: Startup Tripura Team | F28: State startup nodal agency | G28: startup.tripuraagt@gmail.com | I28: 0381-2356500 | J28: https://startup.tripura.gov.in/ | K28: https://startup.tripura.gov.in/ | L28: B | M28: External Advisor / Mentor Support for State Startup Mission | N28: Email the state startup / innovation team with a concise advisor profile and offer specific mentor contributions. | O28: Functional / office email | P28: Not Contacted | Q28: Government / state ecosystem target
A29: Uttar Pradesh | B29: Lucknow | C29: StartInUP – Department of IT & Electronics | D29: State Startup Mission | E29: StartInUP Team | F29: State startup nodal agency | G29: info@itpolicyup.gov.in | I29: 0522-4130303 | J29: https://www.startupindia.gov.in/content/sih/en/state-startup-policies/Uttar-Pradesh-state-policy.html | K29: https://www.startupindia.gov.in/content/sih/en/state-startup-policies/Uttar-Pradesh-state-policy.html | L29: A | M29: External Advisor / Mentor Support for State Startup Mission | N29: Email the state startup / innovation team with a concise advisor profile and offer specific mentor contributions. | O29: Functional / office email | P29: Not Contacted | Q29: Government / state ecosystem target
A30: Uttarakhand | B30: Dehradun | C30: Startup Uttarakhand – Department of MSME | D30: State Startup Mission | E30: Startup Uttarakhand Cell | F30: State startup nodal agency | G30: startupcelluk@gmail.com | I30: +91 7618544555 | J30: https://www.startupindia.gov.in/content/sih/en/state-startup-policies/Uttarakhand-state-policy.html | K30: https://www.startupindia.gov.in/content/sih/en/state-startup-policies/Uttarakhand-state-policy.html | L30: B | M30: External Advisor / Mentor Support for State Startup Mission | N30: Email the state startup / innovation team with a concise advisor profile and offer specific mentor contributions. | O30: Functional / office email | P30: Not Contacted | Q30: Government / state ecosystem target
A31: West Bengal | B31: Kolkata | C31: Startup Bengal – Department of MSME & Textiles | D31: State Startup Mission | E31: Startup Bengal / MSME Team | F31: State startup nodal agency | G31: msme@wb.gov.in | I31: +91 33 2214-5999 | J31: https://www.startupindia.gov.in/content/sih/en/state-startup-policies/West-Bengal-state-policy.html | K31: https://www.startupindia.gov.in/content/sih/en/state-startup-policies/West-Bengal-state-policy.html | L31: B | M31: External Advisor / Mentor Support for State Startup Mission | N31: Email the state startup / innovation team with a concise advisor profile and offer specific mentor contributions. | O31: Functional / office email | P31: Not Contacted | Q31: Government / state ecosystem target

Sheet State Summary
A1: State / UT | B1: Total | C1: Engineering / Tech | D1: B-Schools | E1: Accelerators | F1: Govt Startup | G1: With Email | H1: Priority A
A2: Andhra Pradesh | B2: =COUNTIF('Master Mail List'!$B$2:$B$131,$A2) -> 3 | C2: =COUNTIFS('Master Mail List'!$B$2:$B$131,$A2,'Master Mail List'!$D$2:$D$131,"Engineering / Technology University") -> 1 | D2: =COUNTIFS('Master Mail List'!$B$2:$B$131,$A2,'Master Mail List'!$D$2:$D$131,"B-School") -> 1 | E2: =COUNTIFS('Master Mail List'!$B$2:$B$131,$A2,'Master Mail List'!$D$2:$D$131,"Accelerator / Incubator") -> 0 | F2: =COUNTIFS('Master Mail List'!$B$2:$B$131,$A2,'Master Mail List'!$D$2:$D$131,"State / UT Government Startup Mission") -> 1 | G2: =COUNTIFS('Master Mail List'!$B$2:$B$131,$A2,'Master Mail List'!$I$2:$I$131,"<>") -> 3 | H2: =COUNTIFS('Master Mail List'!$B$2:$B$131,$A2,'Master Mail List'!$N$2:$N$131,"A") -> 3
A3: Arunachal Pradesh | B3: =COUNTIF('Master Mail List'!$B$2:$B$131,$A3) -> 2 | C3: =COUNTIFS('Master Mail List'!$B$2:$B$131,$A3,'Master Mail List'!$D$2:$D$131,"Engineering / Technology University") -> 1 | D3: =COUNTIFS('Master Mail List'!$B$2:$B$131,$A3,'Master Mail List'!$D$2:$D$131,"B-School") -> 0 | E3: =COUNTIFS('Master Mail List'!$B$2:$B$131,$A3,'Master Mail List'!$D$2:$D$131,"Accelerator / Incubator") -> 0 | F3: =COUNTIFS('Master Mail List'!$B$2:$B$131,$A3,'Master Mail List'!$D$2:$D$131,"State / UT Government Startup Mission") -> 1 | G3: =COUNTIFS('Master Mail List'!$B$2:$B$131,$A3,'Master Mail List'!$I$2:$I$131,"<>") -> 2 | H3: =COUNTIFS('Master Mail List'!$B$2:$B$131,$A3,'Master Mail List'!$N$2:$N$131,"A") -> 0
A4: Assam | B4: =COUNTIF('Master Mail List'!$B$2:$B$131,$A4) -> 3 | C4: =COUNTIFS('Master Mail List'!$B$2:$B$131,$A4,'Master Mail List'!$D$2:$D$131,"Engineering / Technology University") -> 1 | D4: =COUNTIFS('Master Mail List'!$B$2:$B$131,$A4,'Master Mail List'!$D$2:$D$131,"B-School") -> 0 | E4: =COUNTIFS('Master Mail List'!$B$2:$B$131,$A4,'Master Mail List'!$D$2:$D$131,"Accelerator / Incubator") -> 1 | F4: =COUNTIFS('Master Mail List'!$B$2:$B$131,$A4,'Master Mail List'!$D$2:$D$131,"State / UT Government Startup Mission") -> 1 | G4: =COUNTIFS('Master Mail List'!$B$2:$B$131,$A4,'Master Mail List'!$I$2:$I$131,"<>") -> 3 | H4: =COUNTIFS('Master Mail List'!$B$2:$B$131,$A4,'Master Mail List'!$N$2:$N$131,"A") -> 2
A5: Bihar | B5: =COUNTIF('Master Mail List'!$B$2:$B$131,$A5) -> 4 | C5: =COUNTIFS('Master Mail List'!$B$2:$B$131,$A5,'Master Mail List'!$D$2:$D$131,"Engineering / Technology University") -> 2 | D5: =COUNTIFS('Master Mail List'!$B$2:$B$131,$A5,'Master Mail List'!$D$2:$D$131,"B-School") -> 0 | E5: =COUNTIFS('Master Mail List'!$B$2:$B$131,$A5,'Master Mail List'!$D$2:$D$131,"Accelerator / Incubator") -> 1 | F5: =COUNTIFS('Master Mail List'!$B$2:$B$131,$A5,'Master Mail List'!$D$2:$D$131,"State / UT Government Startup Mission") -> 1 | G5: =COUNTIFS('Master Mail List'!$B$2:$B$131,$A5,'Master Mail List'!$I$2:$I$131,"<>") -> 4 | H5: =COUNTIFS('Master Mail List'!$B$2:$B$131,$A5,'Master Mail List'!$N$2:$N$131,"A") -> 3
A6: Chhattisgarh | B6: =COUNTIF('Master Mail List'!$B$2:$B$131,$A6) -> 4 | C6: =COUNTIFS('Master Mail List'!$B$2:$B$131,$A6,'Master Mail List'!$D$2:$D$131,"Engineering / Technology University") -> 3 | D6: =COUNTIFS('Master Mail List'!$B$2:$B$131,$A6,'Master Mail List'!$D$2:$D$131,"B-School") -> 0 | E6: =COUNTIFS('Master Mail List'!$B$2:$B$131,$A6,'Master Mail List'!$D$2:$D$131,"Accelerator / Incubator") -> 0 | F6: =COUNTIFS('Master Mail List'!$B$2:$B$131,$A6,'Master Mail List'!$D$2:$D$131,"State / UT Government Startup Mission") -> 1 | G6: =COUNTIFS('Master Mail List'!$B$2:$B$131,$A6,'Master Mail List'!$I$2:$I$131,"<>") -> 4 | H6: =COUNTIFS('Master Mail List'!$B$2:$B$131,$A6,'Master Mail List'!$N$2:$N$131,"A") -> 2
A7: Delhi | B7: =COUNTIF('Master Mail List'!$B$2:$B$131,$A7) -> 3 | C7: =COUNTIFS('Master Mail List'!$B$2:$B$131,$A7,'Master Mail List'!$D$2:$D$131,"Engineering / Technology University") -> 3 | D7: =COUNTIFS('Master Mail List'!$B$2:$B$131,$A7,'Master Mail List'!$D$2:$D$131,"B-School") -> 0 | E7: =COUNTIFS('Master Mail List'!$B$2:$B$131,$A7,'Master Mail List'!$D$2:$D$131,"Accelerator / Incubator") -> 0 | F7: =COUNTIFS('Master Mail List'!$B$2:$B$131,$A7,'Master Mail List'!$D$2:$D$131,"State / UT Government Startup Mission") -> 0 | G7: =COUNTIFS('Master Mail List'!$B$2:$B$131,$A7,'Master Mail List'!$I$2:$I$131,"<>") -> 3 | H7: =COUNTIFS('Master Mail List'!$B$2:$B$131,$A7,'Master Mail List'!$N$2:$N$131,"A") -> 3
A8: Goa | B8: =COUNTIF('Master Mail List'!$B$2:$B$131,$A8) -> 3 | C8: =COUNTIFS('Master Mail List'!$B$2:$B$131,$A8,'Master Mail List'!$D$2:$D$131,"Engineering / Technology University") -> 1 | D8: =COUNTIFS('Master Mail List'!$B$2:$B$131,$A8,'Master Mail List'!$D$2:$D$131,"B-School") -> 1 | E8: =COUNTIFS('Master Mail List'!$B$2:$B$131,$A8,'Master Mail List'!$D$2:$D$131,"Accelerator / Incubator") -> 0 | F8: =COUNTIFS('Master Mail List'!$B$2:$B$131,$A8,'Master Mail List'!$D$2:$D$131,"State / UT Government Startup Mission") -> 1 | G8: =COUNTIFS('Master Mail List'!$B$2:$B$131,$A8,'Master Mail List'!$I$2:$I$131,"<>") -> 3 | H8: =COUNTIFS('Master Mail List'!$B$2:$B$131,$A8,'Master Mail List'!$N$2:$N$131,"A") -> 2
A9: Gujarat | B9: =COUNTIF('Master Mail List'!$B$2:$B$131,$A9) -> 5 | C9: =COUNTIFS('Master Mail List'!$B$2:$B$131,$A9,'Master Mail List'!$D$2:$D$131,"Engineering / Technology University") -> 1 | D9: =COUNTIFS('Master Mail List'!$B$2:$B$131,$A9,'Master Mail List'!$D$2:$D$131,"B-School") -> 1 | E9: =COUNTIFS('Master Mail List'!$B$2:$B$131,$A9,'Master Mail List'!$D$2:$D$131,"Accelerator / Incubator") -> 2 | F9: =COUNTIFS('Master Mail List'!$B$2:$B$131,$A9,'Master Mail List'!$D$2:$D$131,"State / UT Government Startup Mission") -> 1 | G9: =COUNTIFS('Master Mail List'!$B$2:$B$131,$A9,'Master Mail List'!$I$2:$I$131,"<>") -> 5 | H9: =COUNTIFS('Master Mail List'!$B$2:$B$131,$A9,'Master Mail List'!$N$2:$N$131,"A") -> 5
A10: Haryana | B10: =COUNTIF('Master Mail List'!$B$2:$B$131,$A10) -> 4 | C10: =COUNTIFS('Master Mail List'!$B$2:$B$131,$A10,'Master Mail List'!$D$2:$D$131,"Engineering / Technology University") -> 0 | D10: =COUNTIFS('Master Mail List'!$B$2:$B$131,$A10,'Master Mail List'!$D$2:$D$131,"B-School") -> 1 | E10: =COUNTIFS('Master Mail List'!$B$2:$B$131,$A10,'Master Mail List'!$D$2:$D$131,"Accelerator / Incubator") -> 2 | F10: =COUNTIFS('Master Mail List'!$B$2:$B$131,$A10,'Master Mail List'!$D$2:$D$131,"State / UT Government Startup Mission") -> 1 | G10: =COUNTIFS('Master Mail List'!$B$2:$B$131,$A10,'Master Mail List'!$I$2:$I$131,"<>") -> 4 | H10: =COUNTIFS('Master Mail List'!$B$2:$B$131,$A10,'Master Mail List'!$N$2:$N$131,"A") -> 3
A11: Himachal Pradesh | B11: =COUNTIF('Master Mail List'!$B$2:$B$131,$A11) -> 2 | C11: =COUNTIFS('Master Mail List'!$B$2:$B$131,$A11,'Master Mail List'!$D$2:$D$131,"Engineering / Technology University") -> 1 | D11: =COUNTIFS('Master Mail List'!$B$2:$B$131,$A11,'Master Mail List'!$D$2:$D$131,"B-School") -> 0 | E11: =COUNTIFS('Master Mail List'!$B$2:$B$131,$A11,'Master Mail List'!$D$2:$D$131,"Accelerator / Incubator") -> 0 | F11: =COUNTIFS('Master Mail List'!$B$2:$B$131,$A11,'Master Mail List'!$D$2:$D$131,"State / UT Government Startup Mission") -> 1 | G11: =COUNTIFS('Master Mail List'!$B$2:$B$131,$A11,'Master Mail List'!$I$2:$I$131,"<>") -> 2 | H11: =COUNTIFS('Master Mail List'!$B$2:$B$131,$A11,'Master Mail List'!$N$2:$N$131,"A") -> 1
A12: Jammu & Kashmir | B12: =COUNTIF('Master Mail List'!$B$2:$B$131,$A12) -> 6 | C12: =COUNTIFS('Master Mail List'!$B$2:$B$131,$A12,'Master Mail List'!$D$2:$D$131,"Engineering / Technology University") -> 2 | D12: =COUNTIFS('Master Mail List'!$B$2:$B$131,$A12,'Master Mail List'!$D$2:$D$131,"B-School") -> 1 | E12: =COUNTIFS('Master Mail List'!$B$2:$B$131,$A12,'Master Mail List'!$D$2:$D$131,"Accelerator / Incubator") -> 2 | F12: =COUNTIFS('Master Mail List'!$B$2:$B$131,$A12,'Master Mail List'!$D$2:$D$131,"State / UT Government Startup Mission") -> 1 | G12: =COUNTIFS('Master Mail List'!$B$2:$B$131,$A12,'Master Mail List'!$I$2:$I$131,"<>") -> 6 | H12: =COUNTIFS('Master Mail List'!$B$2:$B$131,$A12,'Master Mail List'!$N$2:$N$131,"A") -> 4
A13: Jharkhand | B13: =COUNTIF('Master Mail List'!$B$2:$B$131,$A13) -> 3 | C13: =COUNTIFS('Master Mail List'!$B$2:$B$131,$A13,'Master Mail List'!$D$2:$D$131,"Engineering / Technology University") -> 1 | D13: =COUNTIFS('Master Mail List'!$B$2:$B$131,$A13,'Master Mail List'!$D$2:$D$131,"B-School") -> 1 | E13: =COUNTIFS('Master Mail List'!$B$2:$B$131,$A13,'Master Mail List'!$D$2:$D$131,"Accelerator / Incubator") -> 0 | F13: =COUNTIFS('Master Mail List'!$B$2:$B$131,$A13,'Master Mail List'!$D$2:$D$131,"State / UT Government Startup Mission") -> 1 | G13: =COUNTIFS('Master Mail List'!$B$2:$B$131,$A13,'Master Mail List'!$I$2:$I$131,"<>") -> 3 | H13: =COUNTIFS('Master Mail List'!$B$2:$B$131,$A13,'Master Mail List'!$N$2:$N$131,"A") -> 2
... A32: West Bengal | B32: =COUNTIF('Master Mail List'!$B$2:$B$131,$A32) -> 5 | C32: =COUNTIFS('Master Mail List'!$B$2:$B$131,$A32,'Master Mail List'!$D$2:$D$131,"Engineering / Technology University") -> 3 | D32: =COUNTIFS('Master Mail List'!$B$2:$B$131,$A32,'Master Mail List'!$D$2:$D$131,"B-School") -> 1 | E32: =COUNTIFS('Master Mail List'!$B$2:$B$131,$A32,'Master Mail List'!$D$2:$D$131,"Accelerator / Incubator") -> 0 | F32: =COUNTIFS('Master Mail List'!$B$2:$B$131,$A32,'Master Mail List'!$D$2:$D$131,"State / UT Government Startup Mission") -> 1 | G32: =COUNTIFS('Master Mail List'!$B$2:$B$131,$A32,'Master Mail List'!$I$2:$I$131,"<>") -> 5 | H32: =COUNTIFS('Master Mail List'!$B$2:$B$131,$A32,'Master Mail List'!$N$2:$N$131,"A") -> 3

Sheet Email Template
A1: Concise Advisor / Mentor Outreach Email
A3: Field | B3: Recommended content
A4: Subject | B4: External Advisor / Mentor – [Incubator / Program Name]
A5: Greeting | B5: Dear [Name],
A6: Opening | B6: I came across [specific program / initiative] at [institution] and wanted to reach out about contributing as an external advisor or mentor.
A7: Credibility | B7: I’m Madhiyazhagan Ramamoorthy, based in Berlin, with 16+ years of experience across India, the UAE and Germany in technology delivery, AI, digital transformation and product execution. Alongside my professional work, I mentor founders and contribute to startup and university initiatives.
A8: Value | B8: I could support your founders around [choose 2–3: AI/product strategy, enterprise readiness, go-to-market, founder mentoring, technology commercialization, India–Europe market access].
A9: CTA | B9: Would you be open to a short introductory conversation to see whether this could be useful for your founders or current programs?
A10: Close | B10: Best regards, Madhiyazhagan Ramamoorthy Berlin, Germany LinkedIn: linkedin.com/in/madhi-pm-scrum-qa/
A11: Rule 1 | B11: Keep each email around 90–140 words and personalize the first sentence.
A12: Rule 2 | B12: Do not send the same sector angle to every target. Use the 'Why Madhi Fits' column.
